CdStationMesureEauxSurface;LbStationMesureEauxSurface;CdPointEauxSurf;CdSupport;LbSupport;DateDebutOperationPrelBio;CdParametreEnv;LbLongParametre;RsParEnvOpPrelBio;CdUniteMesure;SymUniteMesure;CdRqParEnvPrelBio;MnemoRqParEnvPrelBio;CdMethodeParEnvPrelBio;NomMethodeParEnvPrelBio;RefOperationPrelBio;CdStatutParEnvPrelBio;MnStatutParEnvPrelBio;CdQualParEnvPrelBio;LbQualParEnvPrelBio;DateParEnvPrelBio;CdProducteur;NomProducteur
05081000;La Garonne à Couthures;500;4;Poissons;2015-09-15;1301;Température de l'Eau;20.2;27;°C;1;Résultat > seuil de quantification et < au seuil de saturation;0;Méthode inconnue;Aspe31092eta2_SurfEchMc1250.0_SBVDKmc50960.0_DSrcKm409.4_LarMEauM180.0_PntCEPM0.19_ProfMStaM2.06_AltM14_TAir1C7.2_TAir7C21.8;1;Donnée brute;1;Correcte;2015-09-15;13002591900304;OFFICE FRANCAIS DE LA BIODIVERSITE - OFB DIRECTION REGIONALE NOUVELLE AQUITAINE (OFB)
05081000;La Garonne à Couthures;500;4;Poissons;2015-09-15;1303;Conductivité à 25°C;291.0;147;µS/cm;1;Résultat > seuil de quantification et < au seuil de saturation;0;Méthode inconnue;Aspe31092eta2_SurfEchMc1250.0_SBVDKmc50960.0_DSrcKm409.4_LarMEauM180.0_PntCEPM0.19_ProfMStaM2.06_AltM14_TAir1C7.2_TAir7C21.8;1;Donnée brute;0;Qualification non definissable;2015-09-15;13002591900304;OFFICE FRANCAIS DE LA BIODIVERSITE - OFB DIRECTION REGIONALE NOUVELLE AQUITAINE (OFB)
05081000;La Garonne à Couthures;500;4;Poissons;2016-10-18;1301;Température de l'Eau;15.3;27;°C;1;Résultat > seuil de quantification et < au seuil de saturation;0;Méthode inconnue;Aspe31147eta2_SurfEchMc1250.0_SBVDKmc50960.0_DSrcKm409.4_LarMEauM161.0_PntCEPM0.19_ProfMStaM1.69_AltM14_TAir1C7.2_TAir7C21.8;1;Donnée brute;1;Correcte;2016-10-18;13002591900304;OFFICE FRANCAIS DE LA BIODIVERSITE - OFB DIRECTION REGIONALE NOUVELLE AQUITAINE (OFB)
05081000;La Garonne à Couthures;500;4;Poissons;2016-10-18;1303;Conductivité à 25°C;296.0;147;µS/cm;1;Résultat > seuil de quantification et < au seuil de saturation;0;Méthode inconnue;Aspe31147eta2_SurfEchMc1250.0_SBVDKmc50960.0_DSrcKm409.4_LarMEauM161.0_PntCEPM0.19_ProfMStaM1.69_AltM14_TAir1C7.2_TAir7C21.8;1;Donnée brute;0;Qualification non definissable;2016-10-18;13002591900304;OFFICE FRANCAIS DE LA BIODIVERSITE - OFB DIRECTION REGIONALE NOUVELLE AQUITAINE (OFB)
05081000;La Garonne à Couthures;500;4;Poissons;2017-09-20;1301;Température de l'Eau;17.6;27;°C;1;Résultat > seuil de quantification et < au seuil de saturation;0;Méthode inconnue;Aspe31174eta2_SurfEchMc1250.0_SBVDKmc50960.0_DSrcKm409.4_LarMEauM161.0_PntCEPM0.19_ProfMStaM1.31_AltM14_TAir1C7.2_TAir7C21.8;1;Donnée brute;1;Correcte;2017-09-20;13002591900304;OFFICE FRANCAIS DE LA BIODIVERSITE - OFB DIRECTION REGIONALE NOUVELLE AQUITAINE (OFB)
05081000;La Garonne à Couthures;500;4;Poissons;2017-09-20;1303;Conductivité à 25°C;287.0;147;µS/cm;1;Résultat > seuil de quantification et < au seuil de saturation;0;Méthode inconnue;Aspe31174eta2_SurfEchMc1250.0_SBVDKmc50960.0_DSrcKm409.4_LarMEauM161.0_PntCEPM0.19_ProfMStaM1.31_AltM14_TAir1C7.2_TAir7C21.8;1;Donnée brute;0;Qualification non definissable;2017-09-20;13002591900304;OFFICE FRANCAIS DE LA BIODIVERSITE - OFB DIRECTION REGIONALE NOUVELLE AQUITAINE (OFB)
05081000;La Garonne à Couthures;500;4;Poissons;2018-09-20;1301;Température de l'Eau;23.0;27;°C;1;Résultat > seuil de quantification et < au seuil de saturation;0;Méthode inconnue;Aspe38863eta2_SurfEchMc1250.00_SBVDKmc50960.00_DSrcKm409.40_LarMEauM149.00_PntCEPM0.19_ProfMStaM2.02_AltM14_TAir1C7.2_TAir7C21.8;1;Donnée brute;1;Correcte;2018-09-20;13002591900304;OFFICE FRANCAIS DE LA BIODIVERSITE - OFB DIRECTION REGIONALE NOUVELLE AQUITAINE (OFB)
05081000;La Garonne à Couthures;500;4;Poissons;2018-09-20;1303;Conductivité à 25°C;310.0;147;µS/cm;1;Résultat > seuil de quantification et < au seuil de saturation;0;Méthode inconnue;Aspe38863eta2_SurfEchMc1250.00_SBVDKmc50960.00_DSrcKm409.40_LarMEauM149.00_PntCEPM0.19_ProfMStaM2.02_AltM14_TAir1C7.2_TAir7C21.8;1;Donnée brute;0;Qualification non definissable;2018-09-20;13002591900304;OFFICE FRANCAIS DE LA BIODIVERSITE - OFB DIRECTION REGIONALE NOUVELLE AQUITAINE (OFB)
05081000;La Garonne à Couthures;500;4;Poissons;2019-09-26;1301;Température de l'Eau;20.4;27;°C;1;Résultat > seuil de quantification et < au seuil de saturation;0;Méthode inconnue;Aspe82651eta2_SurfEchMc1250.00_SBVDKmc50960.00_DSrcKm409.40_LarMEauM162.00_PntCEPM0.19_ProfMStaM1.76_AltM14_TAir1C7.2_TAir7C21.8;1;Donnée brute;1;Correcte;2019-09-26;13002591900304;OFFICE FRANCAIS DE LA BIODIVERSITE - OFB DIRECTION REGIONALE NOUVELLE AQUITAINE (OFB)
05081000;La Garonne à Couthures;500;4;Poissons;2019-09-26;1303;Conductivité à 25°C;280.0;147;µS/cm;1;Résultat > seuil de quantification et < au seuil de saturation;0;Méthode inconnue;Aspe82651eta2_SurfEchMc1250.00_SBVDKmc50960.00_DSrcKm409.40_LarMEauM162.00_PntCEPM0.19_ProfMStaM1.76_AltM14_TAir1C7.2_TAir7C21.8;1;Donnée brute;0;Qualification non definissable;2019-09-26;13002591900304;OFFICE FRANCAIS DE LA BIODIVERSITE - OFB DIRECTION REGIONALE NOUVELLE AQUITAINE (OFB)
05081000;La Garonne à Couthures;500;4;Poissons;2020-09-02;1301;Température de l'Eau;21.2;27;°C;1;Résultat > seuil de quantification et < au seuil de saturation;0;Méthode inconnue;Aspe84213eta2_SurfEchMc1250.0_SBVDKmc50960.0_DSrcKm409.4_LarMEauM155.0_PntCEPM0.19_ProfMStaM1.98_AltM14_TAir1C7.2_TAir7C21.8;1;Donnée brute;1;Correcte;2020-09-02;13002591900304;OFFICE FRANCAIS DE LA BIODIVERSITE - OFB DIRECTION REGIONALE NOUVELLE AQUITAINE (OFB)
05081000;La Garonne à Couthures;500;4;Poissons;2020-09-02;1303;Conductivité à 25°C;310.0;147;µS/cm;1;Résultat > seuil de quantification et < au seuil de saturation;0;Méthode inconnue;Aspe84213eta2_SurfEchMc1250.0_SBVDKmc50960.0_DSrcKm409.4_LarMEauM155.0_PntCEPM0.19_ProfMStaM1.98_AltM14_TAir1C7.2_TAir7C21.8;1;Donnée brute;0;Qualification non definissable;2020-09-02;13002591900304;OFFICE FRANCAIS DE LA BIODIVERSITE - OFB DIRECTION REGIONALE NOUVELLE AQUITAINE (OFB)
05081000;La Garonne à Couthures;500;4;Poissons;2021-07-05;1301;Température de l'Eau;22.7;27;°C;1;Résultat > seuil de quantification et < au seuil de saturation;0;Méthode inconnue;Aspe86964eta2_SurfEchMc1250.0_SBVDKmc50960.0_DSrcKm409.4_LarMEauM176.0_PntCEPM0.19_ProfMStaM2.02_AltM14_TAir1C7.2_TAir7C21.8;1;Donnée brute;1;Correcte;2021-07-05;13002591900304;OFFICE FRANCAIS DE LA BIODIVERSITE - OFB DIRECTION REGIONALE NOUVELLE AQUITAINE (OFB)
05081000;La Garonne à Couthures;500;4;Poissons;2021-07-05;1303;Conductivité à 25°C;370.0;147;µS/cm;1;Résultat > seuil de quantification et < au seuil de saturation;0;Méthode inconnue;Aspe86964eta2_SurfEchMc1250.0_SBVDKmc50960.0_DSrcKm409.4_LarMEauM176.0_PntCEPM0.19_ProfMStaM2.02_AltM14_TAir1C7.2_TAir7C21.8;1;Donnée brute;0;Qualification non definissable;2021-07-05;13002591900304;OFFICE FRANCAIS DE LA BIODIVERSITE - OFB DIRECTION REGIONALE NOUVELLE AQUITAINE (OFB)
05081000;La Garonne à Couthures;500;4;Poissons;2022-10-13;1301;Température de l'Eau;19.4;27;°C;1;Résultat > seuil de quantification et < au seuil de saturation;0;Méthode inconnue;Aspe88225eta2_SurfEchMc1250.0_SBVDKmc50960.0_DSrcKm409.4_LarMEauM148.0_PntCEPM0.19_ProfMStaM1.5_AltM14_TAir1C7.2_TAir7C21.8;1;Donnée brute;1;Correcte;2022-10-13;13002591900304;OFFICE FRANCAIS DE LA BIODIVERSITE - OFB DIRECTION REGIONALE NOUVELLE AQUITAINE (OFB)
05081000;La Garonne à Couthures;500;4;Poissons;2022-10-13;1303;Conductivité à 25°C;303.0;147;µS/cm;1;Résultat > seuil de quantification et < au seuil de saturation;0;Méthode inconnue;Aspe88225eta2_SurfEchMc1250.0_SBVDKmc50960.0_DSrcKm409.4_LarMEauM148.0_PntCEPM0.19_ProfMStaM1.5_AltM14_TAir1C7.2_TAir7C21.8;1;Donnée brute;0;Qualification non definissable;2022-10-13;13002591900304;OFFICE FRANCAIS DE LA BIODIVERSITE - OFB DIRECTION REGIONALE NOUVELLE AQUITAINE (OFB)
05081000;La Garonne à Couthures;500;4;Poissons;2023-05-12;1301;Température de l'Eau;18.5;27;°C;1;Résultat > seuil de quantification et < au seuil de saturation;0;Méthode inconnue;Aspe90174eta2_SurfEchMc1250.0_SBVDKmc50960.0_DSrcKm409.4_LarMEauM194.0_PntCEPM0.19_ProfMStaM2.35_AltM14_TAir1C7.2_TAir7C21.8;1;Donnée brute;1;Correcte;2023-05-12;13002591900304;OFFICE FRANCAIS DE LA BIODIVERSITE - OFB DIRECTION REGIONALE NOUVELLE AQUITAINE (OFB)
05081000;La Garonne à Couthures;500;4;Poissons;2023-05-12;1303;Conductivité à 25°C;360.0;147;µS/cm;1;Résultat > seuil de quantification et < au seuil de saturation;0;Méthode inconnue;Aspe90174eta2_SurfEchMc1250.0_SBVDKmc50960.0_DSrcKm409.4_LarMEauM194.0_PntCEPM0.19_ProfMStaM2.35_AltM14_TAir1C7.2_TAir7C21.8;1;Donnée brute;0;Qualification non definissable;2023-05-12;13002591900304;OFFICE FRANCAIS DE LA BIODIVERSITE - OFB DIRECTION REGIONALE NOUVELLE AQUITAINE (OFB)
05083580;La Garonne au Mas d'Agenais;500;4;Poissons;2016-10-28;1301;Température de l'Eau;14.7;27;°C;1;Résultat > seuil de quantification et < au seuil de saturation;0;Méthode inconnue;Aspe25444eta2_SurfEchMc1250.0_SBVDKmc47435.0_DSrcKm387.83_LarMEauM187.0_PntCEPM0.2_ProfMStaM2.43_AltM19_TAir1C7.7_TAir7C21.9;1;Donnée brute;1;Correcte;2016-10-28;13002591900304;OFFICE FRANCAIS DE LA BIODIVERSITE - OFB DIRECTION REGIONALE NOUVELLE AQUITAINE (OFB)
05083580;La Garonne au Mas d'Agenais;500;4;Poissons;2016-10-28;1303;Conductivité à 25°C;247.0;147;µS/cm;1;Résultat > seuil de quantification et < au seuil de saturation;0;Méthode inconnue;Aspe25444eta2_SurfEchMc1250.0_SBVDKmc47435.0_DSrcKm387.83_LarMEauM187.0_PntCEPM0.2_ProfMStaM2.43_AltM19_TAir1C7.7_TAir7C21.9;1;Donnée brute;0;Qualification non definissable;2016-10-28;13002591900304;OFFICE FRANCAIS DE LA BIODIVERSITE - OFB DIRECTION REGIONALE NOUVELLE AQUITAINE (OFB)
05083580;La Garonne au Mas d'Agenais;500;4;Poissons;2018-10-08;1301;Température de l'Eau;17.8;27;°C;1;Résultat > seuil de quantification et < au seuil de saturation;0;Méthode inconnue;Aspe39362eta2_SurfEchMc1250.0_SBVDKmc47435.0_DSrcKm387.83_LarMEauM171.0_PntCEPM0.2_ProfMStaM1.4_AltM19_TAir1C7.7_TAir7C21.9;1;Donnée brute;1;Correcte;2018-10-08;13002591900304;OFFICE FRANCAIS DE LA BIODIVERSITE - OFB DIRECTION REGIONALE NOUVELLE AQUITAINE (OFB)
05083580;La Garonne au Mas d'Agenais;500;4;Poissons;2018-10-08;1303;Conductivité à 25°C;305.0;147;µS/cm;1;Résultat > seuil de quantification et < au seuil de saturation;0;Méthode inconnue;Aspe39362eta2_SurfEchMc1250.0_SBVDKmc47435.0_DSrcKm387.83_LarMEauM171.0_PntCEPM0.2_ProfMStaM1.4_AltM19_TAir1C7.7_TAir7C21.9;1;Donnée brute;0;Qualification non definissable;2018-10-08;13002591900304;OFFICE FRANCAIS DE LA BIODIVERSITE - OFB DIRECTION REGIONALE NOUVELLE AQUITAINE (OFB)
05083580;La Garonne au Mas d'Agenais;500;4;Poissons;2020-08-24;1301;Température de l'Eau;25.7;27;°C;1;Résultat > seuil de quantification et < au seuil de saturation;0;Méthode inconnue;Aspe83548eta2_SurfEchMc1250.0_SBVDKmc47435.0_DSrcKm387.83_LarMEauM146.0_PntCEPM0.2_ProfMStaM1.17_AltM19_TAir1C7.7_TAir7C21.9;1;Donnée brute;1;Correcte;2020-08-24;13002591900304;OFFICE FRANCAIS DE LA BIODIVERSITE - OFB DIRECTION REGIONALE NOUVELLE AQUITAINE (OFB)
05083580;La Garonne au Mas d'Agenais;500;4;Poissons;2020-08-24;1303;Conductivité à 25°C;298.0;147;µS/cm;1;Résultat > seuil de quantification et < au seuil de saturation;0;Méthode inconnue;Aspe83548eta2_SurfEchMc1250.0_SBVDKmc47435.0_DSrcKm387.83_LarMEauM146.0_PntCEPM0.2_ProfMStaM1.17_AltM19_TAir1C7.7_TAir7C21.9;1;Donnée brute;0;Qualification non definissable;2020-08-24;13002591900304;OFFICE FRANCAIS DE LA BIODIVERSITE - OFB DIRECTION REGIONALE NOUVELLE AQUITAINE (OFB)
05083580;La Garonne au Mas d'Agenais;500;4;Poissons;2022-08-18;1301;Température de l'Eau;24.9;27;°C;1;Résultat > seuil de quantification et < au seuil de saturation;0;Méthode inconnue;Aspe87844eta2_SurfEchMc1250.0_SBVDKmc47435.0_DSrcKm387.83_LarMEauM175.0_PntCEPM0.2_ProfMStaM1.57_AltM19_TAir1C7.7_TAir7C21.9;1;Donnée brute;1;Correcte;2022-08-18;13002591900304;OFFICE FRANCAIS DE LA BIODIVERSITE - OFB DIRECTION REGIONALE NOUVELLE AQUITAINE (OFB)
05083580;La Garonne au Mas d'Agenais;500;4;Poissons;2022-08-18;1303;Conductivité à 25°C;276.0;147;µS/cm;1;Résultat > seuil de quantification et < au seuil de saturation;0;Méthode inconnue;Aspe87844eta2_SurfEchMc1250.0_SBVDKmc47435.0_DSrcKm387.83_LarMEauM175.0_PntCEPM0.2_ProfMStaM1.57_AltM19_TAir1C7.7_TAir7C21.9;1;Donnée brute;0;Qualification non definissable;2022-08-18;13002591900304;OFFICE FRANCAIS DE LA BIODIVERSITE - OFB DIRECTION REGIONALE NOUVELLE AQUITAINE (OFB)
05104000;La Garonne en amont du Lot;500;4;Poissons;2015-09-16;1301;Température de l'Eau;19.9;27;°C;1;Résultat > seuil de quantification et < au seuil de saturation;0;Méthode inconnue;Aspe31094eta2_SurfEchMc1250.0_SBVDKmc38070.0_DSrcKm365.4_LarMEauM136.0_PntCEPM0.29_ProfMStaM1.99_AltM23_TAir1C7.2_TAir7C22.0;1;Donnée brute;1;Correcte;2015-09-16;13002591900304;OFFICE FRANCAIS DE LA BIODIVERSITE - OFB DIRECTION REGIONALE NOUVELLE AQUITAINE (OFB)
05104000;La Garonne en amont du Lot;500;4;Poissons;2015-09-16;1303;Conductivité à 25°C;318.0;147;µS/cm;1;Résultat > seuil de quantification et < au seuil de saturation;0;Méthode inconnue;Aspe31094eta2_SurfEchMc1250.0_SBVDKmc38070.0_DSrcKm365.4_LarMEauM136.0_PntCEPM0.29_ProfMStaM1.99_AltM23_TAir1C7.2_TAir7C22.0;1;Donnée brute;0;Qualification non definissable;2015-09-16;13002591900304;OFFICE FRANCAIS DE LA BIODIVERSITE - OFB DIRECTION REGIONALE NOUVELLE AQUITAINE (OFB)
05104000;La Garonne en amont du Lot;500;4;Poissons;2016-10-19;1301;Température de l'Eau;14.8;27;°C;1;Résultat > seuil de quantification et < au seuil de saturation;0;Méthode inconnue;Aspe31151eta2_SurfEchMc1250.0_SBVDKmc38070.0_DSrcKm365.4_LarMEauM131.0_PntCEPM0.29_ProfMStaM1.78_AltM23_TAir1C7.2_TAir7C22.0;1;Donnée brute;1;Correcte;2016-10-19;13002591900304;OFFICE FRANCAIS DE LA BIODIVERSITE - OFB DIRECTION REGIONALE NOUVELLE AQUITAINE (OFB)
05104000;La Garonne en amont du Lot;500;4;Poissons;2016-10-19;1303;Conductivité à 25°C;318.0;147;µS/cm;1;Résultat > seuil de quantification et < au seuil de saturation;0;Méthode inconnue;Aspe31151eta2_SurfEchMc1250.0_SBVDKmc38070.0_DSrcKm365.4_LarMEauM131.0_PntCEPM0.29_ProfMStaM1.78_AltM23_TAir1C7.2_TAir7C22.0;1;Donnée brute;0;Qualification non definissable;2016-10-19;13002591900304;OFFICE FRANCAIS DE LA BIODIVERSITE - OFB DIRECTION REGIONALE NOUVELLE AQUITAINE (OFB)
05104000;La Garonne en amont du Lot;500;4;Poissons;2017-09-21;1301;Température de l'Eau;17.0;27;°C;1;Résultat > seuil de quantification et < au seuil de saturation;0;Méthode inconnue;Aspe31173eta2_SurfEchMc1162.5_SBVDKmc38070.0_DSrcKm365.4_LarMEauM136.0_PntCEPM0.29_ProfMStaM1.56_AltM23_TAir1C7.2_TAir7C22.0;1;Donnée brute;1;Correcte;2017-09-21;13002591900304;OFFICE FRANCAIS DE LA BIODIVERSITE - OFB DIRECTION REGIONALE NOUVELLE AQUITAINE (OFB)
05104000;La Garonne en amont du Lot;500;4;Poissons;2017-09-21;1303;Conductivité à 25°C;308.0;147;µS/cm;1;Résultat > seuil de quantification et < au seuil de saturation;0;Méthode inconnue;Aspe31173eta2_SurfEchMc1162.5_SBVDKmc38070.0_DSrcKm365.4_LarMEauM136.0_PntCEPM0.29_ProfMStaM1.56_AltM23_TAir1C7.2_TAir7C22.0;1;Donnée brute;0;Qualification non definissable;2017-09-21;13002591900304;OFFICE FRANCAIS DE LA BIODIVERSITE - OFB DIRECTION REGIONALE NOUVELLE AQUITAINE (OFB)
05104000;La Garonne en amont du Lot;500;4;Poissons;2018-09-21;1301;Température de l'Eau;22.7;27;°C;1;Résultat > seuil de quantification et < au seuil de saturation;0;Méthode inconnue;Aspe38908eta2_SurfEchMc1250.0_SBVDKmc38070.0_DSrcKm365.4_LarMEauM130.0_PntCEPM0.29_ProfMStaM1.42_AltM23_TAir1C7.2_TAir7C22.0;1;Donnée brute;1;Correcte;2018-09-21;13002591900304;OFFICE FRANCAIS DE LA BIODIVERSITE - OFB DIRECTION REGIONALE NOUVELLE AQUITAINE (OFB)
05104000;La Garonne en amont du Lot;500;4;Poissons;2018-09-21;1303;Conductivité à 25°C;332.0;147;µS/cm;1;Résultat > seuil de quantification et < au seuil de saturation;0;Méthode inconnue;Aspe38908eta2_SurfEchMc1250.0_SBVDKmc38070.0_DSrcKm365.4_LarMEauM130.0_PntCEPM0.29_ProfMStaM1.42_AltM23_TAir1C7.2_TAir7C22.0;1;Donnée brute;0;Qualification non definissable;2018-09-21;13002591900304;OFFICE FRANCAIS DE LA BIODIVERSITE - OFB DIRECTION REGIONALE NOUVELLE AQUITAINE (OFB)
05104000;La Garonne en amont du Lot;500;4;Poissons;2019-09-23;1301;Température de l'Eau;19.8;27;°C;1;Résultat > seuil de quantification et < au seuil de saturation;0;Méthode inconnue;Aspe82655eta2_SurfEchMc1250.00_SBVDKmc38070.00_DSrcKm365.40_LarMEauM116.00_PntCEPM0.29_ProfMStaM1.25_AltM23_TAir1C7.2_TAir7C22.0;1;Donnée brute;1;Correcte;2019-09-23;13002591900304;OFFICE FRANCAIS DE LA BIODIVERSITE - OFB DIRECTION REGIONALE NOUVELLE AQUITAINE (OFB)
05104000;La Garonne en amont du Lot;500;4;Poissons;2019-09-23;1303;Conductivité à 25°C;310.0;147;µS/cm;1;Résultat > seuil de quantification et < au seuil de saturation;0;Méthode inconnue;Aspe82655eta2_SurfEchMc1250.00_SBVDKmc38070.00_DSrcKm365.40_LarMEauM116.00_PntCEPM0.29_ProfMStaM1.25_AltM23_TAir1C7.2_TAir7C22.0;1;Donnée brute;0;Qualification non definissable;2019-09-23;13002591900304;OFFICE FRANCAIS DE LA BIODIVERSITE - OFB DIRECTION REGIONALE NOUVELLE AQUITAINE (OFB)
05104000;La Garonne en amont du Lot;500;4;Poissons;2020-06-24;1301;Température de l'Eau;21.0;27;°C;1;Résultat > seuil de quantification et < au seuil de saturation;0;Méthode inconnue;Aspe84302eta2_SurfEchMc1250.0_SBVDKmc38070.0_DSrcKm365.4_LarMEauM136.0_PntCEPM0.29_ProfMStaM2.04_AltM23_TAir1C7.2_TAir7C22.0;1;Donnée brute;1;Correcte;2020-06-24;13002591900304;OFFICE FRANCAIS DE LA BIODIVERSITE - OFB DIRECTION REGIONALE NOUVELLE AQUITAINE (OFB)
05104000;La Garonne en amont du Lot;500;4;Poissons;2020-06-24;1303;Conductivité à 25°C;210.0;147;µS/cm;1;Résultat > seuil de quantification et < au seuil de saturation;0;Méthode inconnue;Aspe84302eta2_SurfEchMc1250.0_SBVDKmc38070.0_DSrcKm365.4_LarMEauM136.0_PntCEPM0.29_ProfMStaM2.04_AltM23_TAir1C7.2_TAir7C22.0;1;Donnée brute;0;Qualification non definissable;2020-06-24;13002591900304;OFFICE FRANCAIS DE LA BIODIVERSITE - OFB DIRECTION REGIONALE NOUVELLE AQUITAINE (OFB)
05104000;La Garonne en amont du Lot;500;4;Poissons;2021-06-26;1301;Température de l'Eau;21.8;27;°C;1;Résultat > seuil de quantification et < au seuil de saturation;0;Méthode inconnue;Aspe86945eta2_SurfEchMc1250.0_SBVDKmc38070.0_DSrcKm365.4_LarMEauM135.0_PntCEPM0.29_ProfMStaM1.85_AltM23_TAir1C7.2_TAir7C22.0;1;Donnée brute;1;Correcte;2021-06-26;13002591900304;OFFICE FRANCAIS DE LA BIODIVERSITE - OFB DIRECTION REGIONALE NOUVELLE AQUITAINE (OFB)
05104000;La Garonne en amont du Lot;500;4;Poissons;2021-06-26;1303;Conductivité à 25°C;370.0;147;µS/cm;1;Résultat > seuil de quantification et < au seuil de saturation;0;Méthode inconnue;Aspe86945eta2_SurfEchMc1250.0_SBVDKmc38070.0_DSrcKm365.4_LarMEauM135.0_PntCEPM0.29_ProfMStaM1.85_AltM23_TAir1C7.2_TAir7C22.0;1;Donnée brute;0;Qualification non definissable;2021-06-26;13002591900304;OFFICE FRANCAIS DE LA BIODIVERSITE - OFB DIRECTION REGIONALE NOUVELLE AQUITAINE (OFB)
05104000;La Garonne en amont du Lot;500;4;Poissons;2022-10-12;1301;Température de l'Eau;19.0;27;°C;1;Résultat > seuil de quantification et < au seuil de saturation;0;Méthode inconnue;Aspe88159eta2_SurfEchMc1250.0_SBVDKmc38070.0_DSrcKm365.4_LarMEauM124.0_PntCEPM0.29_ProfMStaM2.1_AltM23_TAir1C7.2_TAir7C22.0;1;Donnée brute;1;Correcte;2022-10-12;13002591900304;OFFICE FRANCAIS DE LA BIODIVERSITE - OFB DIRECTION REGIONALE NOUVELLE AQUITAINE (OFB)
05104000;La Garonne en amont du Lot;500;4;Poissons;2022-10-12;1303;Conductivité à 25°C;312.0;147;µS/cm;1;Résultat > seuil de quantification et < au seuil de saturation;0;Méthode inconnue;Aspe88159eta2_SurfEchMc1250.0_SBVDKmc38070.0_DSrcKm365.4_LarMEauM124.0_PntCEPM0.29_ProfMStaM2.1_AltM23_TAir1C7.2_TAir7C22.0;1;Donnée brute;0;Qualification non definissable;2022-10-12;13002591900304;OFFICE FRANCAIS DE LA BIODIVERSITE - OFB DIRECTION REGIONALE NOUVELLE AQUITAINE (OFB)
05104000;La Garonne en amont du Lot;500;4;Poissons;2023-05-10;1301;Température de l'Eau;20.2;27;°C;1;Résultat > seuil de quantification et < au seuil de saturation;0;Méthode inconnue;Aspe90159eta2_SurfEchMc1250.0_SBVDKmc38070.0_DSrcKm365.4_LarMEauM137.0_PntCEPM0.29_ProfMStaM2.5_AltM23_TAir1C7.2_TAir7C22.0;1;Donnée brute;1;Correcte;2023-05-10;13002591900304;OFFICE FRANCAIS DE LA BIODIVERSITE - OFB DIRECTION REGIONALE NOUVELLE AQUITAINE (OFB)
05104000;La Garonne en amont du Lot;500;4;Poissons;2023-05-10;1303;Conductivité à 25°C;340.0;147;µS/cm;1;Résultat > seuil de quantification et < au seuil de saturation;0;Méthode inconnue;Aspe90159eta2_SurfEchMc1250.0_SBVDKmc38070.0_DSrcKm365.4_LarMEauM137.0_PntCEPM0.29_ProfMStaM2.5_AltM23_TAir1C7.2_TAir7C22.0;1;Donnée brute;0;Qualification non definissable;2023-05-10;13002591900304;OFFICE FRANCAIS DE LA BIODIVERSITE - OFB DIRECTION REGIONALE NOUVELLE AQUITAINE (OFB)
05111500;La Garonne à Port Ste-Marie;500;4;Poissons;2015-10-27;1301;Température de l'Eau;14.8;27;°C;1;Résultat > seuil de quantification et < au seuil de saturation;0;Méthode inconnue;Aspe25294eta2_SurfEchMc1250.0_SBVDKmc34803.0_DSrcKm355.2_LarMEauM126.5_PntCEPM0.34_ProfMStaM1.83_AltM32_TAir1C6.8_TAir7C22.0;1;Donnée brute;1;Correcte;2015-10-27;13002591900304;OFFICE FRANCAIS DE LA BIODIVERSITE - OFB DIRECTION REGIONALE NOUVELLE AQUITAINE (OFB)
05111500;La Garonne à Port Ste-Marie;500;4;Poissons;2015-10-27;1303;Conductivité à 25°C;310.0;147;µS/cm;1;Résultat > seuil de quantification et < au seuil de saturation;0;Méthode inconnue;Aspe25294eta2_SurfEchMc1250.0_SBVDKmc34803.0_DSrcKm355.2_LarMEauM126.5_PntCEPM0.34_ProfMStaM1.83_AltM32_TAir1C6.8_TAir7C22.0;1;Donnée brute;0;Qualification non definissable;2015-10-27;13002591900304;OFFICE FRANCAIS DE LA BIODIVERSITE - OFB DIRECTION REGIONALE NOUVELLE AQUITAINE (OFB)
05111500;La Garonne à Port Ste-Marie;500;4;Poissons;2017-10-17;1301;Température de l'Eau;19.5;27;°C;1;Résultat > seuil de quantification et < au seuil de saturation;0;Méthode inconnue;Aspe25293eta2_SurfEchMc1250.0_SBVDKmc34803.0_DSrcKm355.2_LarMEauM123.0_PntCEPM0.34_ProfMStaM1.89_AltM32_TAir1C6.8_TAir7C22.0;1;Donnée brute;1;Correcte;2017-10-17;13002591900304;OFFICE FRANCAIS DE LA BIODIVERSITE - OFB DIRECTION REGIONALE NOUVELLE AQUITAINE (OFB)
05111500;La Garonne à Port Ste-Marie;500;4;Poissons;2017-10-17;1303;Conductivité à 25°C;304.0;147;µS/cm;1;Résultat > seuil de quantification et < au seuil de saturation;0;Méthode inconnue;Aspe25293eta2_SurfEchMc1250.0_SBVDKmc34803.0_DSrcKm355.2_LarMEauM123.0_PntCEPM0.34_ProfMStaM1.89_AltM32_TAir1C6.8_TAir7C22.0;1;Donnée brute;0;Qualification non definissable;2017-10-17;13002591900304;OFFICE FRANCAIS DE LA BIODIVERSITE - OFB DIRECTION REGIONALE NOUVELLE AQUITAINE (OFB)
05111500;La Garonne à Port Ste-Marie;500;4;Poissons;2019-09-18;1301;Température de l'Eau;22.6;27;°C;1;Résultat > seuil de quantification et < au seuil de saturation;0;Méthode inconnue;Aspe82363eta2_SurfEchMc1250.0_SBVDKmc34803.0_DSrcKm355.2_LarMEauM104.0_PntCEPM0.34_ProfMStaM1.13_AltM32_TAir1C6.8_TAir7C22.0;1;Donnée brute;1;Correcte;2019-09-18;13002591900304;OFFICE FRANCAIS DE LA BIODIVERSITE - OFB DIRECTION REGIONALE NOUVELLE AQUITAINE (OFB)
05111500;La Garonne à Port Ste-Marie;500;4;Poissons;2019-09-18;1303;Conductivité à 25°C;279.0;147;µS/cm;1;Résultat > seuil de quantification et < au seuil de saturation;0;Méthode inconnue;Aspe82363eta2_SurfEchMc1250.0_SBVDKmc34803.0_DSrcKm355.2_LarMEauM104.0_PntCEPM0.34_ProfMStaM1.13_AltM32_TAir1C6.8_TAir7C22.0;1;Donnée brute;0;Qualification non definissable;2019-09-18;13002591900304;OFFICE FRANCAIS DE LA BIODIVERSITE - OFB DIRECTION REGIONALE NOUVELLE AQUITAINE (OFB)
05111500;La Garonne à Port Ste-Marie;500;4;Poissons;2021-10-15;1301;Température de l'Eau;15.1;27;°C;1;Résultat > seuil de quantification et < au seuil de saturation;0;Méthode inconnue;Aspe86298eta2_SurfEchMc1250.0_SBVDKmc34803.0_DSrcKm355.2_LarMEauM110.0_PntCEPM0.34_ProfMStaM1.85_AltM32_TAir1C6.8_TAir7C22.0;1;Donnée brute;1;Correcte;2021-10-15;13002591900304;OFFICE FRANCAIS DE LA BIODIVERSITE - OFB DIRECTION REGIONALE NOUVELLE AQUITAINE (OFB)
05111500;La Garonne à Port Ste-Marie;500;4;Poissons;2021-10-15;1303;Conductivité à 25°C;345.0;147;µS/cm;1;Résultat > seuil de quantification et < au seuil de saturation;0;Méthode inconnue;Aspe86298eta2_SurfEchMc1250.0_SBVDKmc34803.0_DSrcKm355.2_LarMEauM110.0_PntCEPM0.34_ProfMStaM1.85_AltM32_TAir1C6.8_TAir7C22.0;1;Donnée brute;0;Qualification non definissable;2021-10-15;13002591900304;OFFICE FRANCAIS DE LA BIODIVERSITE - OFB DIRECTION REGIONALE NOUVELLE AQUITAINE (OFB)
05111500;La Garonne à Port Ste-Marie;500;4;Poissons;2023-09-12;1301;Température de l'Eau;24.7;27;°C;1;Résultat > seuil de quantification et < au seuil de saturation;0;Méthode inconnue;Aspe90311eta2_SurfEchMc1250.0_SBVDKmc34803.0_DSrcKm355.2_LarMEauM110.0_PntCEPM0.34_ProfMStaM1.97_AltM32_TAir1C6.8_TAir7C22.0;1;Donnée brute;1;Correcte;2023-09-12;13002591900304;OFFICE FRANCAIS DE LA BIODIVERSITE - OFB DIRECTION REGIONALE NOUVELLE AQUITAINE (OFB)
05111500;La Garonne à Port Ste-Marie;500;4;Poissons;2023-09-12;1303;Conductivité à 25°C;272.0;147;µS/cm;1;Résultat > seuil de quantification et < au seuil de saturation;0;Méthode inconnue;Aspe90311eta2_SurfEchMc1250.0_SBVDKmc34803.0_DSrcKm355.2_LarMEauM110.0_PntCEPM0.34_ProfMStaM1.97_AltM32_TAir1C6.8_TAir7C22.0;1;Donnée brute;0;Qualification non definissable;2023-09-12;13002591900304;OFFICE FRANCAIS DE LA BIODIVERSITE - OFB DIRECTION REGIONALE NOUVELLE AQUITAINE (OFB)
05112195;La Garonne à Agen (station RHP 05471013);500;4;Poissons;2015-09-17;1301;Température de l'Eau;19.4;27;°C;1;Résultat > seuil de quantification et < au seuil de saturation;0;Méthode inconnue;Aspe31115eta2_SurfEchMc1250.0_SBVDKmc34401.0_DSrcKm332.4_LarMEauM149.0_PntCEPM0.55_ProfMStaM2.03_AltM42_TAir1C6.4_TAir7C21.9;1;Donnée brute;1;Correcte;2015-09-17;13002591900304;OFFICE FRANCAIS DE LA BIODIVERSITE - OFB DIRECTION REGIONALE NOUVELLE AQUITAINE (OFB)
05112195;La Garonne à Agen (station RHP 05471013);500;4;Poissons;2015-09-17;1303;Conductivité à 25°C;314.0;147;µS/cm;1;Résultat > seuil de quantification et < au seuil de saturation;0;Méthode inconnue;Aspe31115eta2_SurfEchMc1250.0_SBVDKmc34401.0_DSrcKm332.4_LarMEauM149.0_PntCEPM0.55_ProfMStaM2.03_AltM42_TAir1C6.4_TAir7C21.9;1;Donnée brute;0;Qualification non definissable;2015-09-17;13002591900304;OFFICE FRANCAIS DE LA BIODIVERSITE - OFB DIRECTION REGIONALE NOUVELLE AQUITAINE (OFB)
05112195;La Garonne à Agen (station RHP 05471013);500;4;Poissons;2016-10-20;1301;Température de l'Eau;15.6;27;°C;1;Résultat > seuil de quantification et < au seuil de saturation;0;Méthode inconnue;Aspe31148eta2_SurfEchMc1250.0_SBVDKmc34401.0_DSrcKm332.4_LarMEauM148.0_PntCEPM0.55_ProfMStaM1.95_AltM42_TAir1C6.4_TAir7C21.9;1;Donnée brute;1;Correcte;2016-10-20;13002591900304;OFFICE FRANCAIS DE LA BIODIVERSITE - OFB DIRECTION REGIONALE NOUVELLE AQUITAINE (OFB)
05112195;La Garonne à Agen (station RHP 05471013);500;4;Poissons;2016-10-20;1303;Conductivité à 25°C;314.0;147;µS/cm;1;Résultat > seuil de quantification et < au seuil de saturation;0;Méthode inconnue;Aspe31148eta2_SurfEchMc1250.0_SBVDKmc34401.0_DSrcKm332.4_LarMEauM148.0_PntCEPM0.55_ProfMStaM1.95_AltM42_TAir1C6.4_TAir7C21.9;1;Donnée brute;0;Qualification non definissable;2016-10-20;13002591900304;OFFICE FRANCAIS DE LA BIODIVERSITE - OFB DIRECTION REGIONALE NOUVELLE AQUITAINE (OFB)
05112195;La Garonne à Agen (station RHP 05471013);500;4;Poissons;2017-09-22;1301;Température de l'Eau;18.8;27;°C;1;Résultat > seuil de quantification et < au seuil de saturation;0;Méthode inconnue;Aspe31172eta2_SurfEchMc1250.0_SBVDKmc34401.0_DSrcKm332.4_LarMEauM153.0_PntCEPM0.55_ProfMStaM1.42_AltM42_TAir1C6.4_TAir7C21.9;1;Donnée brute;1;Correcte;2017-09-22;13002591900304;OFFICE FRANCAIS DE LA BIODIVERSITE - OFB DIRECTION REGIONALE NOUVELLE AQUITAINE (OFB)
05112195;La Garonne à Agen (station RHP 05471013);500;4;Poissons;2017-09-22;1303;Conductivité à 25°C;301.0;147;µS/cm;1;Résultat > seuil de quantification et < au seuil de saturation;0;Méthode inconnue;Aspe31172eta2_SurfEchMc1250.0_SBVDKmc34401.0_DSrcKm332.4_LarMEauM153.0_PntCEPM0.55_ProfMStaM1.42_AltM42_TAir1C6.4_TAir7C21.9;1;Donnée brute;0;Qualification non definissable;2017-09-22;13002591900304;OFFICE FRANCAIS DE LA BIODIVERSITE - OFB DIRECTION REGIONALE NOUVELLE AQUITAINE (OFB)
05112195;La Garonne à Agen (station RHP 05471013);500;4;Poissons;2018-09-24;1301;Température de l'Eau;21.1;27;°C;1;Résultat > seuil de quantification et < au seuil de saturation;0;Méthode inconnue;Aspe39196eta2_SurfEchMc1250.00_SBVDKmc34401.00_DSrcKm332.40_LarMEauM143.00_PntCEPM0.55_ProfMStaM1.67_AltM42_TAir1C6.4_TAir7C21.9;1;Donnée brute;1;Correcte;2018-09-24;13002591900304;OFFICE FRANCAIS DE LA BIODIVERSITE - OFB DIRECTION REGIONALE NOUVELLE AQUITAINE (OFB)
05112195;La Garonne à Agen (station RHP 05471013);500;4;Poissons;2018-09-24;1303;Conductivité à 25°C;323.0;147;µS/cm;1;Résultat > seuil de quantification et < au seuil de saturation;0;Méthode inconnue;Aspe39196eta2_SurfEchMc1250.00_SBVDKmc34401.00_DSrcKm332.40_LarMEauM143.00_PntCEPM0.55_ProfMStaM1.67_AltM42_TAir1C6.4_TAir7C21.9;1;Donnée brute;0;Qualification non definissable;2018-09-24;13002591900304;OFFICE FRANCAIS DE LA BIODIVERSITE - OFB DIRECTION REGIONALE NOUVELLE AQUITAINE (OFB)
05112195;La Garonne à Agen (station RHP 05471013);500;4;Poissons;2019-09-24;1301;Température de l'Eau;19.8;27;°C;1;Résultat > seuil de quantification et < au seuil de saturation;0;Méthode inconnue;Aspe82660eta2_SurfEchMc1250.00_SBVDKmc34401.00_DSrcKm332.40_LarMEauM154.00_PntCEPM0.55_ProfMStaM1.57_AltM42_TAir1C6.4_TAir7C21.9;1;Donnée brute;1;Correcte;2019-09-24;13002591900304;OFFICE FRANCAIS DE LA BIODIVERSITE - OFB DIRECTION REGIONALE NOUVELLE AQUITAINE (OFB)
05112195;La Garonne à Agen (station RHP 05471013);500;4;Poissons;2019-09-24;1303;Conductivité à 25°C;380.0;147;µS/cm;1;Résultat > seuil de quantification et < au seuil de saturation;0;Méthode inconnue;Aspe82660eta2_SurfEchMc1250.00_SBVDKmc34401.00_DSrcKm332.40_LarMEauM154.00_PntCEPM0.55_ProfMStaM1.57_AltM42_TAir1C6.4_TAir7C21.9;1;Donnée brute;0;Qualification non definissable;2019-09-24;13002591900304;OFFICE FRANCAIS DE LA BIODIVERSITE - OFB DIRECTION REGIONALE NOUVELLE AQUITAINE (OFB)
05112195;La Garonne à Agen (station RHP 05471013);500;4;Poissons;2020-06-26;1301;Température de l'Eau;22.9;27;°C;1;Résultat > seuil de quantification et < au seuil de saturation;0;Méthode inconnue;Aspe84298eta2_SurfEchMc1250.0_SBVDKmc34401.0_DSrcKm332.4_LarMEauM153.0_PntCEPM0.55_ProfMStaM1.95_AltM42_TAir1C6.4_TAir7C21.9;1;Donnée brute;1;Correcte;2020-06-26;13002591900304;OFFICE FRANCAIS DE LA BIODIVERSITE - OFB DIRECTION REGIONALE NOUVELLE AQUITAINE (OFB)
05112195;La Garonne à Agen (station RHP 05471013);500;4;Poissons;2020-06-26;1303;Conductivité à 25°C;282.0;147;µS/cm;1;Résultat > seuil de quantification et < au seuil de saturation;0;Méthode inconnue;Aspe84298eta2_SurfEchMc1250.0_SBVDKmc34401.0_DSrcKm332.4_LarMEauM153.0_PntCEPM0.55_ProfMStaM1.95_AltM42_TAir1C6.4_TAir7C21.9;1;Donnée brute;0;Qualification non definissable;2020-06-26;13002591900304;OFFICE FRANCAIS DE LA BIODIVERSITE - OFB DIRECTION REGIONALE NOUVELLE AQUITAINE (OFB)
05112195;La Garonne à Agen (station RHP 05471013);500;4;Poissons;2021-06-24;1301;Température de l'Eau;22.0;27;°C;1;Résultat > seuil de quantification et < au seuil de saturation;0;Méthode inconnue;Aspe86951eta2_SurfEchMc1250.0_SBVDKmc34401.0_DSrcKm332.4_LarMEauM153.0_PntCEPM0.55_ProfMStaM1.76_AltM42_TAir1C6.4_TAir7C21.9;1;Donnée brute;1;Correcte;2021-06-24;13002591900304;OFFICE FRANCAIS DE LA BIODIVERSITE - OFB DIRECTION REGIONALE NOUVELLE AQUITAINE (OFB)
05112195;La Garonne à Agen (station RHP 05471013);500;4;Poissons;2021-06-24;1303;Conductivité à 25°C;310.0;147;µS/cm;1;Résultat > seuil de quantification et < au seuil de saturation;0;Méthode inconnue;Aspe86951eta2_SurfEchMc1250.0_SBVDKmc34401.0_DSrcKm332.4_LarMEauM153.0_PntCEPM0.55_ProfMStaM1.76_AltM42_TAir1C6.4_TAir7C21.9;1;Donnée brute;0;Qualification non definissable;2021-06-24;13002591900304;OFFICE FRANCAIS DE LA BIODIVERSITE - OFB DIRECTION REGIONALE NOUVELLE AQUITAINE (OFB)
05112195;La Garonne à Agen (station RHP 05471013);500;4;Poissons;2022-09-30;1301;Température de l'Eau;19.5;27;°C;1;Résultat > seuil de quantification et < au seuil de saturation;0;Méthode inconnue;Aspe88224eta2_SurfEchMc1250.0_SBVDKmc34401.0_DSrcKm332.4_LarMEauM145.0_PntCEPM0.55_ProfMStaM1.8_AltM42_TAir1C6.4_TAir7C21.9;1;Donnée brute;1;Correcte;2022-09-30;13002591900304;OFFICE FRANCAIS DE LA BIODIVERSITE - OFB DIRECTION REGIONALE NOUVELLE AQUITAINE (OFB)
05112195;La Garonne à Agen (station RHP 05471013);500;4;Poissons;2022-09-30;1303;Conductivité à 25°C;304.0;147;µS/cm;1;Résultat > seuil de quantification et < au seuil de saturation;0;Méthode inconnue;Aspe88224eta2_SurfEchMc1250.0_SBVDKmc34401.0_DSrcKm332.4_LarMEauM145.0_PntCEPM0.55_ProfMStaM1.8_AltM42_TAir1C6.4_TAir7C21.9;1;Donnée brute;0;Qualification non definissable;2022-09-30;13002591900304;OFFICE FRANCAIS DE LA BIODIVERSITE - OFB DIRECTION REGIONALE NOUVELLE AQUITAINE (OFB)
05112195;La Garonne à Agen (station RHP 05471013);500;4;Poissons;2023-09-11;1301;Température de l'Eau;21.0;27;°C;1;Résultat > seuil de quantification et < au seuil de saturation;0;Méthode inconnue;Aspe90175eta2_SurfEchMc1250.0_SBVDKmc34401.0_DSrcKm332.4_LarMEauM145.0_PntCEPM0.55_ProfMStaM1.65_AltM42_TAir1C6.4_TAir7C21.9;1;Donnée brute;1;Correcte;2023-09-11;13002591900304;OFFICE FRANCAIS DE LA BIODIVERSITE - OFB DIRECTION REGIONALE NOUVELLE AQUITAINE (OFB)
05112195;La Garonne à Agen (station RHP 05471013);500;4;Poissons;2023-09-11;1303;Conductivité à 25°C;310.0;147;µS/cm;1;Résultat > seuil de quantification et < au seuil de saturation;0;Méthode inconnue;Aspe90175eta2_SurfEchMc1250.0_SBVDKmc34401.0_DSrcKm332.4_LarMEauM145.0_PntCEPM0.55_ProfMStaM1.65_AltM42_TAir1C6.4_TAir7C21.9;1;Donnée brute;0;Qualification non definissable;2023-09-11;13002591900304;OFFICE FRANCAIS DE LA BIODIVERSITE - OFB DIRECTION REGIONALE NOUVELLE AQUITAINE (OFB)
05117000;La Garonne à Lamagistère;500;4;Poissons;2015-10-05;1301;Température de l'Eau;18.6;27;°C;1;Résultat > seuil de quantification et < au seuil de saturation;0;Méthode inconnue;Aspe24188eta2_SurfEchMc1250.0_SBVDKmc32264.0_DSrcKm310.7_LarMEauM132.3_PntCEPM0.61_ProfMStaM1.94_AltM49_TAir1C6.4_TAir7C22.1;1;Donnée brute;1;Correcte;2015-10-05;13002591901898;OFFICE FRANCAIS DE LA BIODIVERSITE - OFB DIRECTION REGIONALE OCCITANIE (OFB)
05117000;La Garonne à Lamagistère;500;4;Poissons;2015-10-05;1303;Conductivité à 25°C;255.0;147;µS/cm;1;Résultat > seuil de quantification et < au seuil de saturation;0;Méthode inconnue;Aspe24188eta2_SurfEchMc1250.0_SBVDKmc32264.0_DSrcKm310.7_LarMEauM132.3_PntCEPM0.61_ProfMStaM1.94_AltM49_TAir1C6.4_TAir7C22.1;1;Donnée brute;0;Qualification non definissable;2015-10-05;13002591901898;OFFICE FRANCAIS DE LA BIODIVERSITE - OFB DIRECTION REGIONALE OCCITANIE (OFB)
05117000;La Garonne à Lamagistère;500;4;Poissons;2016-10-03;1301;Température de l'Eau;18.4;27;°C;1;Résultat > seuil de quantification et < au seuil de saturation;0;Méthode inconnue;Aspe24187eta2_SurfEchMc1250.0_SBVDKmc32264.0_DSrcKm310.7_LarMEauM126.0_PntCEPM0.61_ProfMStaM1.98_AltM49_TAir1C6.4_TAir7C22.1;1;Donnée brute;1;Correcte;2016-10-03;13002591901898;OFFICE FRANCAIS DE LA BIODIVERSITE - OFB DIRECTION REGIONALE OCCITANIE (OFB)
05117000;La Garonne à Lamagistère;500;4;Poissons;2016-10-03;1303;Conductivité à 25°C;300.0;147;µS/cm;1;Résultat > seuil de quantification et < au seuil de saturation;0;Méthode inconnue;Aspe24187eta2_SurfEchMc1250.0_SBVDKmc32264.0_DSrcKm310.7_LarMEauM126.0_PntCEPM0.61_ProfMStaM1.98_AltM49_TAir1C6.4_TAir7C22.1;1;Donnée brute;0;Qualification non definissable;2016-10-03;13002591901898;OFFICE FRANCAIS DE LA BIODIVERSITE - OFB DIRECTION REGIONALE OCCITANIE (OFB)
05117000;La Garonne à Lamagistère;500;4;Poissons;2017-10-12;1301;Température de l'Eau;17.1;27;°C;1;Résultat > seuil de quantification et < au seuil de saturation;0;Méthode inconnue;Aspe24186eta2_SurfEchMc1250.0_SBVDKmc32264.0_DSrcKm310.7_LarMEauM138.2_PntCEPM0.61_ProfMStaM1.66_AltM49_TAir1C6.4_TAir7C22.1;1;Donnée brute;1;Correcte;2017-10-12;13002591901898;OFFICE FRANCAIS DE LA BIODIVERSITE - OFB DIRECTION REGIONALE OCCITANIE (OFB)
05117000;La Garonne à Lamagistère;500;4;Poissons;2017-10-12;1303;Conductivité à 25°C;290.0;147;µS/cm;1;Résultat > seuil de quantification et < au seuil de saturation;0;Méthode inconnue;Aspe24186eta2_SurfEchMc1250.0_SBVDKmc32264.0_DSrcKm310.7_LarMEauM138.2_PntCEPM0.61_ProfMStaM1.66_AltM49_TAir1C6.4_TAir7C22.1;1;Donnée brute;0;Qualification non definissable;2017-10-12;13002591901898;OFFICE FRANCAIS DE LA BIODIVERSITE - OFB DIRECTION REGIONALE OCCITANIE (OFB)
05117000;La Garonne à Lamagistère;500;4;Poissons;2018-10-02;1301;Température de l'Eau;16.1;27;°C;1;Résultat > seuil de quantification et < au seuil de saturation;0;Méthode inconnue;Aspe39654eta2_SurfEchMc1250.00_SBVDKmc32264.00_DSrcKm310.70_LarMEauM126.00_PntCEPM0.61_ProfMStaM1.82_AltM49_TAir1C6.4_TAir7C22.1;1;Donnée brute;1;Correcte;2018-10-02;13002591901898;OFFICE FRANCAIS DE LA BIODIVERSITE - OFB DIRECTION REGIONALE OCCITANIE (OFB)
05117000;La Garonne à Lamagistère;500;4;Poissons;2018-10-02;1303;Conductivité à 25°C;330.0;147;µS/cm;1;Résultat > seuil de quantification et < au seuil de saturation;0;Méthode inconnue;Aspe39654eta2_SurfEchMc1250.00_SBVDKmc32264.00_DSrcKm310.70_LarMEauM126.00_PntCEPM0.61_ProfMStaM1.82_AltM49_TAir1C6.4_TAir7C22.1;1;Donnée brute;0;Qualification non definissable;2018-10-02;13002591901898;OFFICE FRANCAIS DE LA BIODIVERSITE - OFB DIRECTION REGIONALE OCCITANIE (OFB)
05117000;La Garonne à Lamagistère;500;4;Poissons;2019-10-01;1301;Température de l'Eau;23.1;27;°C;1;Résultat > seuil de quantification et < au seuil de saturation;0;Méthode inconnue;Aspe82810eta3_SurfEchMc1250.00_SBVDKmc32264.00_DSrcKm310.70_LarMEauM120.00_PntCEPM0.61_ProfMStaM1.82_AltM49_TAir1C6.4_TAir7C22.1;1;Donnée brute;1;Correcte;2019-10-01;13002591901898;OFFICE FRANCAIS DE LA BIODIVERSITE - OFB DIRECTION REGIONALE OCCITANIE (OFB)
05117000;La Garonne à Lamagistère;500;4;Poissons;2019-10-01;1303;Conductivité à 25°C;310.0;147;µS/cm;1;Résultat > seuil de quantification et < au seuil de saturation;0;Méthode inconnue;Aspe82810eta3_SurfEchMc1250.00_SBVDKmc32264.00_DSrcKm310.70_LarMEauM120.00_PntCEPM0.61_ProfMStaM1.82_AltM49_TAir1C6.4_TAir7C22.1;1;Donnée brute;0;Qualification non definissable;2019-10-01;13002591901898;OFFICE FRANCAIS DE LA BIODIVERSITE - OFB DIRECTION REGIONALE OCCITANIE (OFB)
05117000;La Garonne à Lamagistère;500;4;Poissons;2022-09-29;1301;Température de l'Eau;18.8;27;°C;1;Résultat > seuil de quantification et < au seuil de saturation;0;Méthode inconnue;Aspe89156eta2_SurfEchMc1250.0_SBVDKmc32264.0_DSrcKm310.7_LarMEauM126.0_PntCEPM0.61_ProfMStaM1.79_AltM49_TAir1C6.4_TAir7C22.1;1;Donnée brute;1;Correcte;2022-09-29;13002591901898;OFFICE FRANCAIS DE LA BIODIVERSITE - OFB DIRECTION REGIONALE OCCITANIE (OFB)
05117000;La Garonne à Lamagistère;500;4;Poissons;2022-09-29;1303;Conductivité à 25°C;400.0;147;µS/cm;1;Résultat > seuil de quantification et < au seuil de saturation;0;Méthode inconnue;Aspe89156eta2_SurfEchMc1250.0_SBVDKmc32264.0_DSrcKm310.7_LarMEauM126.0_PntCEPM0.61_ProfMStaM1.79_AltM49_TAir1C6.4_TAir7C22.1;1;Donnée brute;0;Qualification non definissable;2022-09-29;13002591901898;OFFICE FRANCAIS DE LA BIODIVERSITE - OFB DIRECTION REGIONALE OCCITANIE (OFB)
05152000;La Garonne à St-Aignan;500;4;Poissons;2016-10-04;1301;Température de l'Eau;18.1;27;°C;1;Résultat > seuil de quantification et < au seuil de saturation;0;Méthode inconnue;Aspe25216eta2_SurfEchMc1250.0_SBVDKmc14493.0_DSrcKm280.75_LarMEauM99.6_PntCEPM0.5_ProfMStaM0.82_AltM68_TAir1C6.4_TAir7C22.3;1;Donnée brute;1;Correcte;2016-10-04;13002591901898;OFFICE FRANCAIS DE LA BIODIVERSITE - OFB DIRECTION REGIONALE OCCITANIE (OFB)
05152000;La Garonne à St-Aignan;500;4;Poissons;2016-10-04;1303;Conductivité à 25°C;242.0;147;µS/cm;1;Résultat > seuil de quantification et < au seuil de saturation;0;Méthode inconnue;Aspe25216eta2_SurfEchMc1250.0_SBVDKmc14493.0_DSrcKm280.75_LarMEauM99.6_PntCEPM0.5_ProfMStaM0.82_AltM68_TAir1C6.4_TAir7C22.3;1;Donnée brute;0;Qualification non definissable;2016-10-04;13002591901898;OFFICE FRANCAIS DE LA BIODIVERSITE - OFB DIRECTION REGIONALE OCCITANIE (OFB)
05152000;La Garonne à St-Aignan;500;4;Poissons;2018-10-24;1301;Température de l'Eau;14.4;27;°C;1;Résultat > seuil de quantification et < au seuil de saturation;0;Méthode inconnue;Aspe38827eta2_SurfEchMc1250.00_SBVDKmc14493.00_DSrcKm280.75_LarMEauM102.40_PntCEPM0.50_ProfMStaM1.26_AltM68_TAir1C6.4_TAir7C22.3;1;Donnée brute;1;Correcte;2018-10-24;13002591901898;OFFICE FRANCAIS DE LA BIODIVERSITE - OFB DIRECTION REGIONALE OCCITANIE (OFB)
05152000;La Garonne à St-Aignan;500;4;Poissons;2018-10-24;1303;Conductivité à 25°C;303.0;147;µS/cm;1;Résultat > seuil de quantification et < au seuil de saturation;0;Méthode inconnue;Aspe38827eta2_SurfEchMc1250.00_SBVDKmc14493.00_DSrcKm280.75_LarMEauM102.40_PntCEPM0.50_ProfMStaM1.26_AltM68_TAir1C6.4_TAir7C22.3;1;Donnée brute;0;Qualification non definissable;2018-10-24;13002591901898;OFFICE FRANCAIS DE LA BIODIVERSITE - OFB DIRECTION REGIONALE OCCITANIE (OFB)
05152000;La Garonne à St-Aignan;500;4;Poissons;2020-10-09;1301;Température de l'Eau;15.2;27;°C;1;Résultat > seuil de quantification et < au seuil de saturation;0;Méthode inconnue;Aspe84775eta3_SurfEchMc1250.0_SBVDKmc14493.0_DSrcKm280.75_LarMEauM105.3_PntCEPM0.5_ProfMStaM1.86_AltM68_TAir1C6.4_TAir7C22.3;1;Donnée brute;1;Correcte;2020-10-09;13002591901898;OFFICE FRANCAIS DE LA BIODIVERSITE - OFB DIRECTION REGIONALE OCCITANIE (OFB)
05152000;La Garonne à St-Aignan;500;4;Poissons;2020-10-09;1303;Conductivité à 25°C;297.0;147;µS/cm;1;Résultat > seuil de quantification et < au seuil de saturation;0;Méthode inconnue;Aspe84775eta3_SurfEchMc1250.0_SBVDKmc14493.0_DSrcKm280.75_LarMEauM105.3_PntCEPM0.5_ProfMStaM1.86_AltM68_TAir1C6.4_TAir7C22.3;1;Donnée brute;0;Qualification non definissable;2020-10-09;13002591901898;OFFICE FRANCAIS DE LA BIODIVERSITE - OFB DIRECTION REGIONALE OCCITANIE (OFB)
05152000;La Garonne à St-Aignan;500;4;Poissons;2022-10-13;1301;Température de l'Eau;20.3;27;°C;1;Résultat > seuil de quantification et < au seuil de saturation;0;Méthode inconnue;Aspe88727eta2_SurfEchMc1250.0_SBVDKmc14493.0_DSrcKm280.75_LarMEauM97.8_PntCEPM0.5_ProfMStaM1.18_AltM68_TAir1C6.4_TAir7C22.3;1;Donnée brute;1;Correcte;2022-10-13;13002591901898;OFFICE FRANCAIS DE LA BIODIVERSITE - OFB DIRECTION REGIONALE OCCITANIE (OFB)
05152000;La Garonne à St-Aignan;500;4;Poissons;2022-10-13;1303;Conductivité à 25°C;290.0;147;µS/cm;1;Résultat > seuil de quantification et < au seuil de saturation;0;Méthode inconnue;Aspe88727eta2_SurfEchMc1250.0_SBVDKmc14493.0_DSrcKm280.75_LarMEauM97.8_PntCEPM0.5_ProfMStaM1.18_AltM68_TAir1C6.4_TAir7C22.3;1;Donnée brute;0;Qualification non definissable;2022-10-13;13002591901898;OFFICE FRANCAIS DE LA BIODIVERSITE - OFB DIRECTION REGIONALE OCCITANIE (OFB)
05154250;La Garonne à Bourret;500;4;Poissons;2015-09-15;1301;Température de l'Eau;19.3;27;°C;1;Résultat > seuil de quantification et < au seuil de saturation;0;Méthode inconnue;Aspe24481eta2_SurfEchMc1250.0_SBVDKmc14013.0_DSrcKm265.96_LarMEauM117.0_PntCEPM0.69_ProfMStaM1.26_AltM81_TAir1C6.2_TAir7C22.4;1;Donnée brute;1;Correcte;2015-09-15;13002591901898;OFFICE FRANCAIS DE LA BIODIVERSITE - OFB DIRECTION REGIONALE OCCITANIE (OFB)
05154250;La Garonne à Bourret;500;4;Poissons;2015-09-15;1303;Conductivité à 25°C;237.0;147;µS/cm;1;Résultat > seuil de quantification et < au seuil de saturation;0;Méthode inconnue;Aspe24481eta2_SurfEchMc1250.0_SBVDKmc14013.0_DSrcKm265.96_LarMEauM117.0_PntCEPM0.69_ProfMStaM1.26_AltM81_TAir1C6.2_TAir7C22.4;1;Donnée brute;0;Qualification non definissable;2015-09-15;13002591901898;OFFICE FRANCAIS DE LA BIODIVERSITE - OFB DIRECTION REGIONALE OCCITANIE (OFB)
05154250;La Garonne à Bourret;500;4;Poissons;2016-09-26;1301;Température de l'Eau;19.7;27;°C;1;Résultat > seuil de quantification et < au seuil de saturation;0;Méthode inconnue;Aspe24480eta2_SurfEchMc1250.0_SBVDKmc14013.0_DSrcKm265.96_LarMEauM94.6_PntCEPM0.69_ProfMStaM1.64_AltM81_TAir1C6.2_TAir7C22.4;1;Donnée brute;1;Correcte;2016-09-26;13002591901898;OFFICE FRANCAIS DE LA BIODIVERSITE - OFB DIRECTION REGIONALE OCCITANIE (OFB)
05154250;La Garonne à Bourret;500;4;Poissons;2016-09-26;1303;Conductivité à 25°C;258.0;147;µS/cm;1;Résultat > seuil de quantification et < au seuil de saturation;0;Méthode inconnue;Aspe24480eta2_SurfEchMc1250.0_SBVDKmc14013.0_DSrcKm265.96_LarMEauM94.6_PntCEPM0.69_ProfMStaM1.64_AltM81_TAir1C6.2_TAir7C22.4;1;Donnée brute;0;Qualification non definissable;2016-09-26;13002591901898;OFFICE FRANCAIS DE LA BIODIVERSITE - OFB DIRECTION REGIONALE OCCITANIE (OFB)
05154250;La Garonne à Bourret;500;4;Poissons;2017-09-25;1301;Température de l'Eau;19.1;27;°C;1;Résultat > seuil de quantification et < au seuil de saturation;0;Méthode inconnue;Aspe24479eta2_SurfEchMc1250.0_SBVDKmc14013.0_DSrcKm265.96_LarMEauM112.4_PntCEPM0.69_ProfMStaM1.6_AltM81_TAir1C6.2_TAir7C22.4;1;Donnée brute;1;Correcte;2017-09-25;13002591901898;OFFICE FRANCAIS DE LA BIODIVERSITE - OFB DIRECTION REGIONALE OCCITANIE (OFB)
05154250;La Garonne à Bourret;500;4;Poissons;2017-09-25;1303;Conductivité à 25°C;270.0;147;µS/cm;1;Résultat > seuil de quantification et < au seuil de saturation;0;Méthode inconnue;Aspe24479eta2_SurfEchMc1250.0_SBVDKmc14013.0_DSrcKm265.96_LarMEauM112.4_PntCEPM0.69_ProfMStaM1.6_AltM81_TAir1C6.2_TAir7C22.4;1;Donnée brute;0;Qualification non definissable;2017-09-25;13002591901898;OFFICE FRANCAIS DE LA BIODIVERSITE - OFB DIRECTION REGIONALE OCCITANIE (OFB)
05154250;La Garonne à Bourret;500;4;Poissons;2018-10-01;1301;Température de l'Eau;17.7;27;°C;1;Résultat > seuil de quantification et < au seuil de saturation;0;Méthode inconnue;Aspe39645eta2_SurfEchMc1250.00_SBVDKmc14013.00_DSrcKm265.96_LarMEauM108.00_PntCEPM0.69_ProfMStaM1.63_AltM81_TAir1C6.2_TAir7C22.4;1;Donnée brute;1;Correcte;2018-10-01;13002591901898;OFFICE FRANCAIS DE LA BIODIVERSITE - OFB DIRECTION REGIONALE OCCITANIE (OFB)
05154250;La Garonne à Bourret;500;4;Poissons;2018-10-01;1303;Conductivité à 25°C;310.0;147;µS/cm;1;Résultat > seuil de quantification et < au seuil de saturation;0;Méthode inconnue;Aspe39645eta2_SurfEchMc1250.00_SBVDKmc14013.00_DSrcKm265.96_LarMEauM108.00_PntCEPM0.69_ProfMStaM1.63_AltM81_TAir1C6.2_TAir7C22.4;1;Donnée brute;0;Qualification non definissable;2018-10-01;13002591901898;OFFICE FRANCAIS DE LA BIODIVERSITE - OFB DIRECTION REGIONALE OCCITANIE (OFB)
05154250;La Garonne à Bourret;500;4;Poissons;2019-09-30;1301;Température de l'Eau;20.7;27;°C;1;Résultat > seuil de quantification et < au seuil de saturation;0;Méthode inconnue;Aspe82807eta3_SurfEchMc937.5_SBVDKmc14013.0_DSrcKm265.96_LarMEauM108.9_PntCEPM0.69_ProfMStaM1.45_AltM81_TAir1C6.2_TAir7C22.4;1;Donnée brute;1;Correcte;2019-09-30;13002591901898;OFFICE FRANCAIS DE LA BIODIVERSITE - OFB DIRECTION REGIONALE OCCITANIE (OFB)
05154250;La Garonne à Bourret;500;4;Poissons;2019-09-30;1303;Conductivité à 25°C;260.0;147;µS/cm;1;Résultat > seuil de quantification et < au seuil de saturation;0;Méthode inconnue;Aspe82807eta3_SurfEchMc937.5_SBVDKmc14013.0_DSrcKm265.96_LarMEauM108.9_PntCEPM0.69_ProfMStaM1.45_AltM81_TAir1C6.2_TAir7C22.4;1;Donnée brute;0;Qualification non definissable;2019-09-30;13002591901898;OFFICE FRANCAIS DE LA BIODIVERSITE - OFB DIRECTION REGIONALE OCCITANIE (OFB)
05154250;La Garonne à Bourret;500;4;Poissons;2020-09-29;1301;Température de l'Eau;13.1;27;°C;1;Résultat > seuil de quantification et < au seuil de saturation;0;Méthode inconnue;Aspe84447eta3_SurfEchMc1250.0_SBVDKmc14013.0_DSrcKm265.96_LarMEauM133.0_PntCEPM0.69_ProfMStaM1.62_AltM81_TAir1C6.2_TAir7C22.4;1;Donnée brute;1;Correcte;2020-09-29;13002591901898;OFFICE FRANCAIS DE LA BIODIVERSITE - OFB DIRECTION REGIONALE OCCITANIE (OFB)
05154250;La Garonne à Bourret;500;4;Poissons;2020-09-29;1303;Conductivité à 25°C;290.0;147;µS/cm;1;Résultat > seuil de quantification et < au seuil de saturation;0;Méthode inconnue;Aspe84447eta3_SurfEchMc1250.0_SBVDKmc14013.0_DSrcKm265.96_LarMEauM133.0_PntCEPM0.69_ProfMStaM1.62_AltM81_TAir1C6.2_TAir7C22.4;1;Donnée brute;0;Qualification non definissable;2020-09-29;13002591901898;OFFICE FRANCAIS DE LA BIODIVERSITE - OFB DIRECTION REGIONALE OCCITANIE (OFB)
05154250;La Garonne à Bourret;500;4;Poissons;2021-09-28;1301;Température de l'Eau;18.9;27;°C;1;Résultat > seuil de quantification et < au seuil de saturation;0;Méthode inconnue;Aspe87278eta2_SurfEchMc1250.0_SBVDKmc14013.0_DSrcKm265.96_LarMEauM102.0_PntCEPM0.69_ProfMStaM0.84_AltM81_TAir1C6.2_TAir7C22.4;1;Donnée brute;1;Correcte;2021-09-28;13002591901898;OFFICE FRANCAIS DE LA BIODIVERSITE - OFB DIRECTION REGIONALE OCCITANIE (OFB)
05154250;La Garonne à Bourret;500;4;Poissons;2021-09-28;1303;Conductivité à 25°C;320.0;147;µS/cm;1;Résultat > seuil de quantification et < au seuil de saturation;0;Méthode inconnue;Aspe87278eta2_SurfEchMc1250.0_SBVDKmc14013.0_DSrcKm265.96_LarMEauM102.0_PntCEPM0.69_ProfMStaM0.84_AltM81_TAir1C6.2_TAir7C22.4;1;Donnée brute;0;Qualification non definissable;2021-09-28;13002591901898;OFFICE FRANCAIS DE LA BIODIVERSITE - OFB DIRECTION REGIONALE OCCITANIE (OFB)
05154250;La Garonne à Bourret;500;4;Poissons;2022-09-20;1301;Température de l'Eau;21.8;27;°C;1;Résultat > seuil de quantification et < au seuil de saturation;0;Méthode inconnue;Aspe89088eta2_SurfEchMc1250.0_SBVDKmc14013.0_DSrcKm265.96_LarMEauM108.0_PntCEPM0.69_ProfMStaM0.67_AltM81_TAir1C6.2_TAir7C22.4;1;Donnée brute;1;Correcte;2022-09-20;13002591901898;OFFICE FRANCAIS DE LA BIODIVERSITE - OFB DIRECTION REGIONALE OCCITANIE (OFB)
05154250;La Garonne à Bourret;500;4;Poissons;2022-09-20;1303;Conductivité à 25°C;250.0;147;µS/cm;1;Résultat > seuil de quantification et < au seuil de saturation;0;Méthode inconnue;Aspe89088eta2_SurfEchMc1250.0_SBVDKmc14013.0_DSrcKm265.96_LarMEauM108.0_PntCEPM0.69_ProfMStaM0.67_AltM81_TAir1C6.2_TAir7C22.4;1;Donnée brute;0;Qualification non definissable;2022-09-20;13002591901898;OFFICE FRANCAIS DE LA BIODIVERSITE - OFB DIRECTION REGIONALE OCCITANIE (OFB)
05154250;La Garonne à Bourret;500;4;Poissons;2023-09-26;1301;Température de l'Eau;18.9;27;°C;1;Résultat > seuil de quantification et < au seuil de saturation;0;Méthode inconnue;Aspe90457eta2_SurfEchMc1250.0_SBVDKmc14013.0_DSrcKm265.96_LarMEauM108.4_PntCEPM0.69_ProfMStaM0.55_AltM81_TAir1C6.2_TAir7C22.4;1;Donnée brute;1;Correcte;2023-09-26;13002591901898;OFFICE FRANCAIS DE LA BIODIVERSITE - OFB DIRECTION REGIONALE OCCITANIE (OFB)
05154250;La Garonne à Bourret;500;4;Poissons;2023-09-26;1303;Conductivité à 25°C;310.0;147;µS/cm;1;Résultat > seuil de quantification et < au seuil de saturation;0;Méthode inconnue;Aspe90457eta2_SurfEchMc1250.0_SBVDKmc14013.0_DSrcKm265.96_LarMEauM108.4_PntCEPM0.69_ProfMStaM0.55_AltM81_TAir1C6.2_TAir7C22.4;1;Donnée brute;0;Qualification non definissable;2023-09-26;13002591901898;OFFICE FRANCAIS DE LA BIODIVERSITE - OFB DIRECTION REGIONALE OCCITANIE (OFB)
05154500;La Garonne à Verdun-sur-Garonne;500;4;Poissons;2015-09-14;1301;Température de l'Eau;20.3;27;°C;1;Résultat > seuil de quantification et < au seuil de saturation;0;Méthode inconnue;Aspe24751eta2_SurfEchMc1250.0_SBVDKmc13716.0_DSrcKm246.3_LarMEauM106.0_PntCEPM0.77_ProfMStaM2.12_AltM96_TAir1C6.3_TAir7C22.3;1;Donnée brute;1;Correcte;2015-09-14;13002591901898;OFFICE FRANCAIS DE LA BIODIVERSITE - OFB DIRECTION REGIONALE OCCITANIE (OFB)
05154500;La Garonne à Verdun-sur-Garonne;500;4;Poissons;2015-09-14;1303;Conductivité à 25°C;240.0;147;µS/cm;1;Résultat > seuil de quantification et < au seuil de saturation;0;Méthode inconnue;Aspe24751eta2_SurfEchMc1250.0_SBVDKmc13716.0_DSrcKm246.3_LarMEauM106.0_PntCEPM0.77_ProfMStaM2.12_AltM96_TAir1C6.3_TAir7C22.3;1;Donnée brute;0;Qualification non definissable;2015-09-14;13002591901898;OFFICE FRANCAIS DE LA BIODIVERSITE - OFB DIRECTION REGIONALE OCCITANIE (OFB)
05154500;La Garonne à Verdun-sur-Garonne;500;4;Poissons;2017-09-26;1301;Température de l'Eau;18.0;27;°C;1;Résultat > seuil de quantification et < au seuil de saturation;0;Méthode inconnue;Aspe24750eta2_SurfEchMc1250.0_SBVDKmc13716.0_DSrcKm246.3_LarMEauM108.63_PntCEPM0.77_ProfMStaM2.26_AltM96_TAir1C6.3_TAir7C22.3;1;Donnée brute;1;Correcte;2017-09-26;13002591901898;OFFICE FRANCAIS DE LA BIODIVERSITE - OFB DIRECTION REGIONALE OCCITANIE (OFB)
05154500;La Garonne à Verdun-sur-Garonne;500;4;Poissons;2017-09-26;1303;Conductivité à 25°C;195.0;147;µS/cm;1;Résultat > seuil de quantification et < au seuil de saturation;0;Méthode inconnue;Aspe24750eta2_SurfEchMc1250.0_SBVDKmc13716.0_DSrcKm246.3_LarMEauM108.63_PntCEPM0.77_ProfMStaM2.26_AltM96_TAir1C6.3_TAir7C22.3;1;Donnée brute;0;Qualification non definissable;2017-09-26;13002591901898;OFFICE FRANCAIS DE LA BIODIVERSITE - OFB DIRECTION REGIONALE OCCITANIE (OFB)
05154500;La Garonne à Verdun-sur-Garonne;500;4;Poissons;2019-10-08;1301;Température de l'Eau;18.7;27;°C;1;Résultat > seuil de quantification et < au seuil de saturation;0;Méthode inconnue;Aspe82203eta3_SurfEchMc1250.00_SBVDKmc13716.00_DSrcKm246.30_LarMEauM106.90_PntCEPM0.77_ProfMStaM1.72_AltM96_TAir1C6.3_TAir7C22.3;1;Donnée brute;1;Correcte;2019-10-08;13002591901898;OFFICE FRANCAIS DE LA BIODIVERSITE - OFB DIRECTION REGIONALE OCCITANIE (OFB)
05154500;La Garonne à Verdun-sur-Garonne;500;4;Poissons;2019-10-08;1303;Conductivité à 25°C;192.0;147;µS/cm;1;Résultat > seuil de quantification et < au seuil de saturation;0;Méthode inconnue;Aspe82203eta3_SurfEchMc1250.00_SBVDKmc13716.00_DSrcKm246.30_LarMEauM106.90_PntCEPM0.77_ProfMStaM1.72_AltM96_TAir1C6.3_TAir7C22.3;1;Donnée brute;0;Qualification non definissable;2019-10-08;13002591901898;OFFICE FRANCAIS DE LA BIODIVERSITE - OFB DIRECTION REGIONALE OCCITANIE (OFB)
05154500;La Garonne à Verdun-sur-Garonne;500;4;Poissons;2021-10-06;1301;Température de l'Eau;16.1;27;°C;1;Résultat > seuil de quantification et < au seuil de saturation;0;Méthode inconnue;Aspe86757eta2_SurfEchMc1250.0_SBVDKmc13716.0_DSrcKm246.3_LarMEauM117.6_PntCEPM0.77_ProfMStaM1.73_AltM96_TAir1C6.3_TAir7C22.3;1;Donnée brute;1;Correcte;2021-10-06;13002591901898;OFFICE FRANCAIS DE LA BIODIVERSITE - OFB DIRECTION REGIONALE OCCITANIE (OFB)
05154500;La Garonne à Verdun-sur-Garonne;500;4;Poissons;2021-10-06;1303;Conductivité à 25°C;290.0;147;µS/cm;1;Résultat > seuil de quantification et < au seuil de saturation;0;Méthode inconnue;Aspe86757eta2_SurfEchMc1250.0_SBVDKmc13716.0_DSrcKm246.3_LarMEauM117.6_PntCEPM0.77_ProfMStaM1.73_AltM96_TAir1C6.3_TAir7C22.3;1;Donnée brute;0;Qualification non definissable;2021-10-06;13002591901898;OFFICE FRANCAIS DE LA BIODIVERSITE - OFB DIRECTION REGIONALE OCCITANIE (OFB)
05154500;La Garonne à Verdun-sur-Garonne;500;4;Poissons;2023-09-13;1301;Température de l'Eau;24.1;27;°C;1;Résultat > seuil de quantification et < au seuil de saturation;0;Méthode inconnue;Aspe91204eta2_SurfEchMc1250.0_SBVDKmc13716.0_DSrcKm246.3_LarMEauM103.9_PntCEPM0.77_ProfMStaM1.61_AltM96_TAir1C6.3_TAir7C22.3;1;Donnée brute;1;Correcte;2023-09-13;13002591901898;OFFICE FRANCAIS DE LA BIODIVERSITE - OFB DIRECTION REGIONALE OCCITANIE (OFB)
05154500;La Garonne à Verdun-sur-Garonne;500;4;Poissons;2023-09-13;1303;Conductivité à 25°C;226.0;147;µS/cm;1;Résultat > seuil de quantification et < au seuil de saturation;0;Méthode inconnue;Aspe91204eta2_SurfEchMc1250.0_SBVDKmc13716.0_DSrcKm246.3_LarMEauM103.9_PntCEPM0.77_ProfMStaM1.61_AltM96_TAir1C6.3_TAir7C22.3;1;Donnée brute;0;Qualification non definissable;2023-09-13;13002591901898;OFFICE FRANCAIS DE LA BIODIVERSITE - OFB DIRECTION REGIONALE OCCITANIE (OFB)
05161000;La Garonne en aval de Toulouse;500;4;Poissons;2016-10-03;1301;Température de l'Eau;17.9;27;°C;1;Résultat > seuil de quantification et < au seuil de saturation;0;Méthode inconnue;Aspe25011eta2_SurfEchMc1250.0_SBVDKmc10600.0_DSrcKm238.83_LarMEauM117.0_PntCEPM0.9_ProfMStaM0.95_AltM115_TAir1C6.0_TAir7C22.2;1;Donnée brute;1;Correcte;2016-10-03;13002591901898;OFFICE FRANCAIS DE LA BIODIVERSITE - OFB DIRECTION REGIONALE OCCITANIE (OFB)
05161000;La Garonne en aval de Toulouse;500;4;Poissons;2016-10-03;1303;Conductivité à 25°C;225.0;147;µS/cm;1;Résultat > seuil de quantification et < au seuil de saturation;0;Méthode inconnue;Aspe25011eta2_SurfEchMc1250.0_SBVDKmc10600.0_DSrcKm238.83_LarMEauM117.0_PntCEPM0.9_ProfMStaM0.95_AltM115_TAir1C6.0_TAir7C22.2;1;Donnée brute;0;Qualification non definissable;2016-10-03;13002591901898;OFFICE FRANCAIS DE LA BIODIVERSITE - OFB DIRECTION REGIONALE OCCITANIE (OFB)
05161000;La Garonne en aval de Toulouse;500;4;Poissons;2018-10-23;1301;Température de l'Eau;14.4;27;°C;1;Résultat > seuil de quantification et < au seuil de saturation;0;Méthode inconnue;Aspe38824eta2_SurfEchMc1250.00_SBVDKmc10600.00_DSrcKm238.83_LarMEauM127.70_PntCEPM0.90_ProfMStaM1.39_AltM115_TAir1C6.0_TAir7C22.2;1;Donnée brute;1;Correcte;2018-10-23;13002591901898;OFFICE FRANCAIS DE LA BIODIVERSITE - OFB DIRECTION REGIONALE OCCITANIE (OFB)
05161000;La Garonne en aval de Toulouse;500;4;Poissons;2018-10-23;1303;Conductivité à 25°C;256.0;147;µS/cm;1;Résultat > seuil de quantification et < au seuil de saturation;0;Méthode inconnue;Aspe38824eta2_SurfEchMc1250.00_SBVDKmc10600.00_DSrcKm238.83_LarMEauM127.70_PntCEPM0.90_ProfMStaM1.39_AltM115_TAir1C6.0_TAir7C22.2;1;Donnée brute;0;Qualification non definissable;2018-10-23;13002591901898;OFFICE FRANCAIS DE LA BIODIVERSITE - OFB DIRECTION REGIONALE OCCITANIE (OFB)
05161000;La Garonne en aval de Toulouse;500;4;Poissons;2020-10-22;1301;Température de l'Eau;13.9;27;°C;1;Résultat > seuil de quantification et < au seuil de saturation;0;Méthode inconnue;Aspe84735eta3_SurfEchMc1250.0_SBVDKmc10600.0_DSrcKm238.83_LarMEauM133.6_PntCEPM0.9_ProfMStaM1.32_AltM115_TAir1C6.0_TAir7C22.2;1;Donnée brute;1;Correcte;2020-10-22;13002591901898;OFFICE FRANCAIS DE LA BIODIVERSITE - OFB DIRECTION REGIONALE OCCITANIE (OFB)
05161000;La Garonne en aval de Toulouse;500;4;Poissons;2020-10-22;1303;Conductivité à 25°C;250.0;147;µS/cm;1;Résultat > seuil de quantification et < au seuil de saturation;0;Méthode inconnue;Aspe84735eta3_SurfEchMc1250.0_SBVDKmc10600.0_DSrcKm238.83_LarMEauM133.6_PntCEPM0.9_ProfMStaM1.32_AltM115_TAir1C6.0_TAir7C22.2;1;Donnée brute;0;Qualification non definissable;2020-10-22;13002591901898;OFFICE FRANCAIS DE LA BIODIVERSITE - OFB DIRECTION REGIONALE OCCITANIE (OFB)
05161000;La Garonne en aval de Toulouse;500;4;Poissons;2022-10-26;1301;Température de l'Eau;12.6;27;°C;1;Résultat > seuil de quantification et < au seuil de saturation;0;Méthode inconnue;Aspe88763eta2_SurfEchMc1250.0_SBVDKmc10600.0_DSrcKm238.83_LarMEauM126.0_PntCEPM0.9_ProfMStaM0.98_AltM115_TAir1C6.0_TAir7C22.2;1;Donnée brute;1;Correcte;2022-10-26;13002591901898;OFFICE FRANCAIS DE LA BIODIVERSITE - OFB DIRECTION REGIONALE OCCITANIE (OFB)
05161000;La Garonne en aval de Toulouse;500;4;Poissons;2022-10-26;1303;Conductivité à 25°C;247.0;147;µS/cm;1;Résultat > seuil de quantification et < au seuil de saturation;0;Méthode inconnue;Aspe88763eta2_SurfEchMc1250.0_SBVDKmc10600.0_DSrcKm238.83_LarMEauM126.0_PntCEPM0.9_ProfMStaM0.98_AltM115_TAir1C6.0_TAir7C22.2;1;Donnée brute;0;Qualification non definissable;2022-10-26;13002591901898;OFFICE FRANCAIS DE LA BIODIVERSITE - OFB DIRECTION REGIONALE OCCITANIE (OFB)
05163290;La Garonne à l'entrée dans Toulouse;500;4;Poissons;2016-10-13;1301;Température de l'Eau;13.9;27;°C;1;Résultat > seuil de quantification et < au seuil de saturation;0;Méthode inconnue;Aspe24637eta2_SurfEchMc1250.0_SBVDKmc9555.0_DSrcKm205.5_LarMEauM170.0_PntCEPM1.2_ProfMStaM1.95_AltM136_TAir1C5.7_TAir7C22.2;1;Donnée brute;1;Correcte;2016-10-13;13002591901898;OFFICE FRANCAIS DE LA BIODIVERSITE - OFB DIRECTION REGIONALE OCCITANIE (OFB)
05163290;La Garonne à l'entrée dans Toulouse;500;4;Poissons;2016-10-13;1303;Conductivité à 25°C;272.0;147;µS/cm;1;Résultat > seuil de quantification et < au seuil de saturation;0;Méthode inconnue;Aspe24637eta2_SurfEchMc1250.0_SBVDKmc9555.0_DSrcKm205.5_LarMEauM170.0_PntCEPM1.2_ProfMStaM1.95_AltM136_TAir1C5.7_TAir7C22.2;1;Donnée brute;0;Qualification non definissable;2016-10-13;13002591901898;OFFICE FRANCAIS DE LA BIODIVERSITE - OFB DIRECTION REGIONALE OCCITANIE (OFB)
05163290;La Garonne à l'entrée dans Toulouse;500;4;Poissons;2018-10-16;1301;Température de l'Eau;17.1;27;°C;1;Résultat > seuil de quantification et < au seuil de saturation;0;Méthode inconnue;Aspe38795eta2_SurfEchMc1250.0_SBVDKmc9555.0_DSrcKm205.5_LarMEauM178.0_PntCEPM1.2_ProfMStaM2.36_AltM136_TAir1C5.7_TAir7C22.2;1;Donnée brute;1;Correcte;2018-10-16;13002591901898;OFFICE FRANCAIS DE LA BIODIVERSITE - OFB DIRECTION REGIONALE OCCITANIE (OFB)
05163290;La Garonne à l'entrée dans Toulouse;500;4;Poissons;2018-10-16;1303;Conductivité à 25°C;260.0;147;µS/cm;1;Résultat > seuil de quantification et < au seuil de saturation;0;Méthode inconnue;Aspe38795eta2_SurfEchMc1250.0_SBVDKmc9555.0_DSrcKm205.5_LarMEauM178.0_PntCEPM1.2_ProfMStaM2.36_AltM136_TAir1C5.7_TAir7C22.2;1;Donnée brute;0;Qualification non definissable;2018-10-16;13002591901898;OFFICE FRANCAIS DE LA BIODIVERSITE - OFB DIRECTION REGIONALE OCCITANIE (OFB)
05163290;La Garonne à l'entrée dans Toulouse;500;4;Poissons;2020-10-20;1301;Température de l'Eau;12.5;27;°C;1;Résultat > seuil de quantification et < au seuil de saturation;0;Méthode inconnue;Aspe84752eta2_SurfEchMc1250.0_SBVDKmc9555.0_DSrcKm205.5_LarMEauM185.2_PntCEPM1.2_ProfMStaM2.73_AltM136_TAir1C5.7_TAir7C22.2;1;Donnée brute;1;Correcte;2020-10-20;13002591901898;OFFICE FRANCAIS DE LA BIODIVERSITE - OFB DIRECTION REGIONALE OCCITANIE (OFB)
05163290;La Garonne à l'entrée dans Toulouse;500;4;Poissons;2020-10-20;1303;Conductivité à 25°C;200.0;147;µS/cm;1;Résultat > seuil de quantification et < au seuil de saturation;0;Méthode inconnue;Aspe84752eta2_SurfEchMc1250.0_SBVDKmc9555.0_DSrcKm205.5_LarMEauM185.2_PntCEPM1.2_ProfMStaM2.73_AltM136_TAir1C5.7_TAir7C22.2;1;Donnée brute;0;Qualification non definissable;2020-10-20;13002591901898;OFFICE FRANCAIS DE LA BIODIVERSITE - OFB DIRECTION REGIONALE OCCITANIE (OFB)
05163290;La Garonne à l'entrée dans Toulouse;500;4;Poissons;2022-10-25;1301;Température de l'Eau;17.4;27;°C;1;Résultat > seuil de quantification et < au seuil de saturation;0;Méthode inconnue;Aspe88762eta2_SurfEchMc1250.0_SBVDKmc9555.0_DSrcKm205.5_LarMEauM181.9_PntCEPM1.2_ProfMStaM2.03_AltM136_TAir1C5.7_TAir7C22.2;1;Donnée brute;1;Correcte;2022-10-25;13002591901898;OFFICE FRANCAIS DE LA BIODIVERSITE - OFB DIRECTION REGIONALE OCCITANIE (OFB)
05163290;La Garonne à l'entrée dans Toulouse;500;4;Poissons;2022-10-25;1303;Conductivité à 25°C;190.0;147;µS/cm;1;Résultat > seuil de quantification et < au seuil de saturation;0;Méthode inconnue;Aspe88762eta2_SurfEchMc1250.0_SBVDKmc9555.0_DSrcKm205.5_LarMEauM181.9_PntCEPM1.2_ProfMStaM2.03_AltM136_TAir1C5.7_TAir7C22.2;1;Donnée brute;0;Qualification non definissable;2022-10-25;13002591901898;OFFICE FRANCAIS DE LA BIODIVERSITE - OFB DIRECTION REGIONALE OCCITANIE (OFB)
05174000;La Garonne en amont de l'Ariège;500;4;Poissons;2015-08-20;1301;Température de l'Eau;18.3;27;°C;1;Résultat > seuil de quantification et < au seuil de saturation;0;Méthode inconnue;Aspe24098eta2_SurfEchMc1250.0_SBVDKmc6822.08_DSrcKm186.75_LarMEauM79.0_PntCEPM1.2_ProfMStaM1.59_AltM159_TAir1C5.8_TAir7C22.0;1;Donnée brute;1;Correcte;2015-08-20;13002591901898;OFFICE FRANCAIS DE LA BIODIVERSITE - OFB DIRECTION REGIONALE OCCITANIE (OFB)
05174000;La Garonne en amont de l'Ariège;500;4;Poissons;2015-08-20;1303;Conductivité à 25°C;229.0;147;µS/cm;1;Résultat > seuil de quantification et < au seuil de saturation;0;Méthode inconnue;Aspe24098eta2_SurfEchMc1250.0_SBVDKmc6822.08_DSrcKm186.75_LarMEauM79.0_PntCEPM1.2_ProfMStaM1.59_AltM159_TAir1C5.8_TAir7C22.0;1;Donnée brute;0;Qualification non definissable;2015-08-20;13002591901898;OFFICE FRANCAIS DE LA BIODIVERSITE - OFB DIRECTION REGIONALE OCCITANIE (OFB)
05174000;La Garonne en amont de l'Ariège;500;4;Poissons;2016-08-18;1301;Température de l'Eau;22.6;27;°C;1;Résultat > seuil de quantification et < au seuil de saturation;0;Méthode inconnue;Aspe24097eta2_SurfEchMc1250.0_SBVDKmc6822.08_DSrcKm186.75_LarMEauM74.7_PntCEPM1.2_ProfMStaM1.16_AltM159_TAir1C5.8_TAir7C22.0;1;Donnée brute;1;Correcte;2016-08-18;13002591901898;OFFICE FRANCAIS DE LA BIODIVERSITE - OFB DIRECTION REGIONALE OCCITANIE (OFB)
05174000;La Garonne en amont de l'Ariège;500;4;Poissons;2016-08-18;1303;Conductivité à 25°C;265.0;147;µS/cm;1;Résultat > seuil de quantification et < au seuil de saturation;0;Méthode inconnue;Aspe24097eta2_SurfEchMc1250.0_SBVDKmc6822.08_DSrcKm186.75_LarMEauM74.7_PntCEPM1.2_ProfMStaM1.16_AltM159_TAir1C5.8_TAir7C22.0;1;Donnée brute;0;Qualification non definissable;2016-08-18;13002591901898;OFFICE FRANCAIS DE LA BIODIVERSITE - OFB DIRECTION REGIONALE OCCITANIE (OFB)
05174000;La Garonne en amont de l'Ariège;500;4;Poissons;2017-08-18;1301;Température de l'Eau;22.3;27;°C;1;Résultat > seuil de quantification et < au seuil de saturation;0;Méthode inconnue;Aspe24096eta2_SurfEchMc1250.0_SBVDKmc6822.08_DSrcKm186.75_LarMEauM69.0_PntCEPM1.2_ProfMStaM1.13_AltM159_TAir1C5.8_TAir7C22.0;1;Donnée brute;1;Correcte;2017-08-18;13002591901898;OFFICE FRANCAIS DE LA BIODIVERSITE - OFB DIRECTION REGIONALE OCCITANIE (OFB)
05174000;La Garonne en amont de l'Ariège;500;4;Poissons;2017-08-18;1303;Conductivité à 25°C;264.0;147;µS/cm;1;Résultat > seuil de quantification et < au seuil de saturation;0;Méthode inconnue;Aspe24096eta2_SurfEchMc1250.0_SBVDKmc6822.08_DSrcKm186.75_LarMEauM69.0_PntCEPM1.2_ProfMStaM1.13_AltM159_TAir1C5.8_TAir7C22.0;1;Donnée brute;0;Qualification non definissable;2017-08-18;13002591901898;OFFICE FRANCAIS DE LA BIODIVERSITE - OFB DIRECTION REGIONALE OCCITANIE (OFB)
05174000;La Garonne en amont de l'Ariège;500;4;Poissons;2018-08-23;1301;Température de l'Eau;22.8;27;°C;1;Résultat > seuil de quantification et < au seuil de saturation;0;Méthode inconnue;Aspe39218eta2_SurfEchMc1250.00_SBVDKmc6822.08_DSrcKm186.75_LarMEauM80.00_PntCEPM1.20_ProfMStaM1.49_AltM159_TAir1C5.8_TAir7C22.0;1;Donnée brute;1;Correcte;2018-08-23;13002591901898;OFFICE FRANCAIS DE LA BIODIVERSITE - OFB DIRECTION REGIONALE OCCITANIE (OFB)
05174000;La Garonne en amont de l'Ariège;500;4;Poissons;2018-08-23;1303;Conductivité à 25°C;235.0;147;µS/cm;1;Résultat > seuil de quantification et < au seuil de saturation;0;Méthode inconnue;Aspe39218eta2_SurfEchMc1250.00_SBVDKmc6822.08_DSrcKm186.75_LarMEauM80.00_PntCEPM1.20_ProfMStaM1.49_AltM159_TAir1C5.8_TAir7C22.0;1;Donnée brute;0;Qualification non definissable;2018-08-23;13002591901898;OFFICE FRANCAIS DE LA BIODIVERSITE - OFB DIRECTION REGIONALE OCCITANIE (OFB)
05174000;La Garonne en amont de l'Ariège;500;4;Poissons;2019-10-04;1301;Température de l'Eau;18.0;27;°C;1;Résultat > seuil de quantification et < au seuil de saturation;0;Méthode inconnue;Aspe82440eta3_SurfEchMc1250.00_SBVDKmc6822.08_DSrcKm186.75_LarMEauM74.00_PntCEPM1.20_ProfMStaM1.23_AltM159_TAir1C5.8_TAir7C22.0;1;Donnée brute;1;Correcte;2019-10-04;13002591901898;OFFICE FRANCAIS DE LA BIODIVERSITE - OFB DIRECTION REGIONALE OCCITANIE (OFB)
05174000;La Garonne en amont de l'Ariège;500;4;Poissons;2019-10-04;1303;Conductivité à 25°C;254.0;147;µS/cm;1;Résultat > seuil de quantification et < au seuil de saturation;0;Méthode inconnue;Aspe82440eta3_SurfEchMc1250.00_SBVDKmc6822.08_DSrcKm186.75_LarMEauM74.00_PntCEPM1.20_ProfMStaM1.23_AltM159_TAir1C5.8_TAir7C22.0;1;Donnée brute;0;Qualification non definissable;2019-10-04;13002591901898;OFFICE FRANCAIS DE LA BIODIVERSITE - OFB DIRECTION REGIONALE OCCITANIE (OFB)
05174000;La Garonne en amont de l'Ariège;500;4;Poissons;2020-08-20;1301;Température de l'Eau;22.9;27;°C;1;Résultat > seuil de quantification et < au seuil de saturation;0;Méthode inconnue;Aspe84666eta3_SurfEchMc1250.0_SBVDKmc6822.08_DSrcKm186.75_LarMEauM73.3_PntCEPM1.2_ProfMStaM1.22_AltM159_TAir1C5.8_TAir7C22.0;1;Donnée brute;1;Correcte;2020-08-20;13002591901898;OFFICE FRANCAIS DE LA BIODIVERSITE - OFB DIRECTION REGIONALE OCCITANIE (OFB)
05174000;La Garonne en amont de l'Ariège;500;4;Poissons;2020-08-20;1303;Conductivité à 25°C;298.0;147;µS/cm;1;Résultat > seuil de quantification et < au seuil de saturation;0;Méthode inconnue;Aspe84666eta3_SurfEchMc1250.0_SBVDKmc6822.08_DSrcKm186.75_LarMEauM73.3_PntCEPM1.2_ProfMStaM1.22_AltM159_TAir1C5.8_TAir7C22.0;1;Donnée brute;0;Qualification non definissable;2020-08-20;13002591901898;OFFICE FRANCAIS DE LA BIODIVERSITE - OFB DIRECTION REGIONALE OCCITANIE (OFB)
05174000;La Garonne en amont de l'Ariège;500;4;Poissons;2021-09-07;1301;Température de l'Eau;21.9;27;°C;1;Résultat > seuil de quantification et < au seuil de saturation;0;Méthode inconnue;Aspe87225eta2_SurfEchMc1250.0_SBVDKmc6822.08_DSrcKm186.75_LarMEauM73.9_PntCEPM1.2_ProfMStaM0.9_AltM159_TAir1C5.8_TAir7C22.0;1;Donnée brute;1;Correcte;2021-09-07;13002591901898;OFFICE FRANCAIS DE LA BIODIVERSITE - OFB DIRECTION REGIONALE OCCITANIE (OFB)
05174000;La Garonne en amont de l'Ariège;500;4;Poissons;2021-09-07;1303;Conductivité à 25°C;287.0;147;µS/cm;1;Résultat > seuil de quantification et < au seuil de saturation;0;Méthode inconnue;Aspe87225eta2_SurfEchMc1250.0_SBVDKmc6822.08_DSrcKm186.75_LarMEauM73.9_PntCEPM1.2_ProfMStaM0.9_AltM159_TAir1C5.8_TAir7C22.0;1;Donnée brute;0;Qualification non definissable;2021-09-07;13002591901898;OFFICE FRANCAIS DE LA BIODIVERSITE - OFB DIRECTION REGIONALE OCCITANIE (OFB)
05174000;La Garonne en amont de l'Ariège;500;4;Poissons;2022-09-07;1301;Température de l'Eau;24.0;27;°C;1;Résultat > seuil de quantification et < au seuil de saturation;0;Méthode inconnue;Aspe89047eta2_SurfEchMc1250.0_SBVDKmc6822.08_DSrcKm186.75_LarMEauM73.4_PntCEPM1.2_ProfMStaM0.78_AltM159_TAir1C5.8_TAir7C22.0;1;Donnée brute;1;Correcte;2022-09-07;13002591901898;OFFICE FRANCAIS DE LA BIODIVERSITE - OFB DIRECTION REGIONALE OCCITANIE (OFB)
05174000;La Garonne en amont de l'Ariège;500;4;Poissons;2022-09-07;1303;Conductivité à 25°C;256.0;147;µS/cm;1;Résultat > seuil de quantification et < au seuil de saturation;0;Méthode inconnue;Aspe89047eta2_SurfEchMc1250.0_SBVDKmc6822.08_DSrcKm186.75_LarMEauM73.4_PntCEPM1.2_ProfMStaM0.78_AltM159_TAir1C5.8_TAir7C22.0;1;Donnée brute;0;Qualification non definissable;2022-09-07;13002591901898;OFFICE FRANCAIS DE LA BIODIVERSITE - OFB DIRECTION REGIONALE OCCITANIE (OFB)
05174000;La Garonne en amont de l'Ariège;500;4;Poissons;2023-09-07;1301;Température de l'Eau;20.0;27;°C;1;Résultat > seuil de quantification et < au seuil de saturation;0;Méthode inconnue;Aspe90884eta2_SurfEchMc1250.0_SBVDKmc6822.08_DSrcKm186.75_LarMEauM79.4_PntCEPM1.2_ProfMStaM0.84_AltM159_TAir1C5.8_TAir7C22.0;1;Donnée brute;1;Correcte;2023-09-07;13002591901898;OFFICE FRANCAIS DE LA BIODIVERSITE - OFB DIRECTION REGIONALE OCCITANIE (OFB)
05174000;La Garonne en amont de l'Ariège;500;4;Poissons;2023-09-07;1303;Conductivité à 25°C;260.0;147;µS/cm;1;Résultat > seuil de quantification et < au seuil de saturation;0;Méthode inconnue;Aspe90884eta2_SurfEchMc1250.0_SBVDKmc6822.08_DSrcKm186.75_LarMEauM79.4_PntCEPM1.2_ProfMStaM0.84_AltM159_TAir1C5.8_TAir7C22.0;1;Donnée brute;0;Qualification non definissable;2023-09-07;13002591901898;OFFICE FRANCAIS DE LA BIODIVERSITE - OFB DIRECTION REGIONALE OCCITANIE (OFB)
05175800;La Garonne à Marquefave;500;4;Poissons;2015-07-23;1301;Température de l'Eau;22.5;27;°C;1;Résultat > seuil de quantification et < au seuil de saturation;0;Méthode inconnue;Aspe25365eta2_SurfEchMc1250.0_SBVDKmc5252.0_DSrcKm169.56_LarMEauM73.3_PntCEPM1.2_ProfMStaM0.93_AltM178_TAir1C5.8_TAir7C21.9;1;Donnée brute;1;Correcte;2015-07-23;13002591901898;OFFICE FRANCAIS DE LA BIODIVERSITE - OFB DIRECTION REGIONALE OCCITANIE (OFB)
05175800;La Garonne à Marquefave;500;4;Poissons;2015-07-23;1303;Conductivité à 25°C;254.0;147;µS/cm;1;Résultat > seuil de quantification et < au seuil de saturation;0;Méthode inconnue;Aspe25365eta2_SurfEchMc1250.0_SBVDKmc5252.0_DSrcKm169.56_LarMEauM73.3_PntCEPM1.2_ProfMStaM0.93_AltM178_TAir1C5.8_TAir7C21.9;1;Donnée brute;0;Qualification non definissable;2015-07-23;13002591901898;OFFICE FRANCAIS DE LA BIODIVERSITE - OFB DIRECTION REGIONALE OCCITANIE (OFB)
05175800;La Garonne à Marquefave;500;4;Poissons;2017-08-28;1301;Température de l'Eau;23.4;27;°C;1;Résultat > seuil de quantification et < au seuil de saturation;0;Méthode inconnue;Aspe25364eta2_SurfEchMc1250.0_SBVDKmc5252.0_DSrcKm169.56_LarMEauM71.1_PntCEPM1.2_ProfMStaM1.35_AltM178_TAir1C5.8_TAir7C21.9;1;Donnée brute;1;Correcte;2017-08-28;13002591901898;OFFICE FRANCAIS DE LA BIODIVERSITE - OFB DIRECTION REGIONALE OCCITANIE (OFB)
05175800;La Garonne à Marquefave;500;4;Poissons;2017-08-28;1303;Conductivité à 25°C;311.0;147;µS/cm;1;Résultat > seuil de quantification et < au seuil de saturation;0;Méthode inconnue;Aspe25364eta2_SurfEchMc1250.0_SBVDKmc5252.0_DSrcKm169.56_LarMEauM71.1_PntCEPM1.2_ProfMStaM1.35_AltM178_TAir1C5.8_TAir7C21.9;1;Donnée brute;0;Qualification non definissable;2017-08-28;13002591901898;OFFICE FRANCAIS DE LA BIODIVERSITE - OFB DIRECTION REGIONALE OCCITANIE (OFB)
05175800;La Garonne à Marquefave;500;4;Poissons;2019-09-16;1301;Température de l'Eau;18.8;27;°C;1;Résultat > seuil de quantification et < au seuil de saturation;0;Méthode inconnue;Aspe82118eta3_SurfEchMc1250.00_SBVDKmc5252.00_DSrcKm169.56_LarMEauM72.60_PntCEPM1.20_ProfMStaM1.29_AltM178_TAir1C5.8_TAir7C21.9;1;Donnée brute;1;Correcte;2019-09-16;13002591901898;OFFICE FRANCAIS DE LA BIODIVERSITE - OFB DIRECTION REGIONALE OCCITANIE (OFB)
05175800;La Garonne à Marquefave;500;4;Poissons;2019-09-16;1303;Conductivité à 25°C;210.0;147;µS/cm;1;Résultat > seuil de quantification et < au seuil de saturation;0;Méthode inconnue;Aspe82118eta3_SurfEchMc1250.00_SBVDKmc5252.00_DSrcKm169.56_LarMEauM72.60_PntCEPM1.20_ProfMStaM1.29_AltM178_TAir1C5.8_TAir7C21.9;1;Donnée brute;0;Qualification non definissable;2019-09-16;13002591901898;OFFICE FRANCAIS DE LA BIODIVERSITE - OFB DIRECTION REGIONALE OCCITANIE (OFB)
05175800;La Garonne à Marquefave;500;4;Poissons;2023-09-11;1301;Température de l'Eau;21.7;27;°C;1;Résultat > seuil de quantification et < au seuil de saturation;0;Méthode inconnue;Aspe91196eta2_SurfEchMc1250.0_SBVDKmc5252.0_DSrcKm169.56_LarMEauM68.0_PntCEPM1.2_ProfMStaM0.95_AltM178_TAir1C5.8_TAir7C21.9;1;Donnée brute;1;Correcte;2023-09-11;13002591901898;OFFICE FRANCAIS DE LA BIODIVERSITE - OFB DIRECTION REGIONALE OCCITANIE (OFB)
05175800;La Garonne à Marquefave;500;4;Poissons;2023-09-11;1303;Conductivité à 25°C;246.0;147;µS/cm;1;Résultat > seuil de quantification et < au seuil de saturation;0;Méthode inconnue;Aspe91196eta2_SurfEchMc1250.0_SBVDKmc5252.0_DSrcKm169.56_LarMEauM68.0_PntCEPM1.2_ProfMStaM0.95_AltM178_TAir1C5.8_TAir7C21.9;1;Donnée brute;0;Qualification non definissable;2023-09-11;13002591901898;OFFICE FRANCAIS DE LA BIODIVERSITE - OFB DIRECTION REGIONALE OCCITANIE (OFB)
05177000;La Garonne à Cazères;500;4;Poissons;2016-10-07;1301;Température de l'Eau;16.1;27;°C;1;Résultat > seuil de quantification et < au seuil de saturation;0;Méthode inconnue;Aspe25130eta2_SurfEchMc1250.0_SBVDKmc4440.0_DSrcKm141.56_LarMEauM75.5_PntCEPM1.9_ProfMStaM1.51_AltM234_TAir1C5.6_TAir7C21.6;1;Donnée brute;1;Correcte;2016-10-07;13002591901898;OFFICE FRANCAIS DE LA BIODIVERSITE - OFB DIRECTION REGIONALE OCCITANIE (OFB)
05177000;La Garonne à Cazères;500;4;Poissons;2016-10-07;1303;Conductivité à 25°C;316.0;147;µS/cm;1;Résultat > seuil de quantification et < au seuil de saturation;0;Méthode inconnue;Aspe25130eta2_SurfEchMc1250.0_SBVDKmc4440.0_DSrcKm141.56_LarMEauM75.5_PntCEPM1.9_ProfMStaM1.51_AltM234_TAir1C5.6_TAir7C21.6;1;Donnée brute;0;Qualification non definissable;2016-10-07;13002591901898;OFFICE FRANCAIS DE LA BIODIVERSITE - OFB DIRECTION REGIONALE OCCITANIE (OFB)
05177000;La Garonne à Cazères;500;4;Poissons;2018-10-01;1301;Température de l'Eau;17.1;27;°C;1;Résultat > seuil de quantification et < au seuil de saturation;0;Méthode inconnue;Aspe38700eta2_SurfEchMc1250.00_SBVDKmc4440.00_DSrcKm141.56_LarMEauM76.50_PntCEPM1.90_ProfMStaM1.29_AltM234_TAir1C5.6_TAir7C21.6;1;Donnée brute;1;Correcte;2018-10-01;13002591901898;OFFICE FRANCAIS DE LA BIODIVERSITE - OFB DIRECTION REGIONALE OCCITANIE (OFB)
05177000;La Garonne à Cazères;500;4;Poissons;2018-10-01;1303;Conductivité à 25°C;280.0;147;µS/cm;1;Résultat > seuil de quantification et < au seuil de saturation;0;Méthode inconnue;Aspe38700eta2_SurfEchMc1250.00_SBVDKmc4440.00_DSrcKm141.56_LarMEauM76.50_PntCEPM1.90_ProfMStaM1.29_AltM234_TAir1C5.6_TAir7C21.6;1;Donnée brute;0;Qualification non definissable;2018-10-01;13002591901898;OFFICE FRANCAIS DE LA BIODIVERSITE - OFB DIRECTION REGIONALE OCCITANIE (OFB)
05177000;La Garonne à Cazères;500;4;Poissons;2020-10-06;1301;Température de l'Eau;13.1;27;°C;1;Résultat > seuil de quantification et < au seuil de saturation;0;Méthode inconnue;Aspe84738eta3_SurfEchMc1250.0_SBVDKmc4440.0_DSrcKm141.56_LarMEauM77.8_PntCEPM1.9_ProfMStaM1.67_AltM234_TAir1C5.6_TAir7C21.6;1;Donnée brute;1;Correcte;2020-10-06;13002591901898;OFFICE FRANCAIS DE LA BIODIVERSITE - OFB DIRECTION REGIONALE OCCITANIE (OFB)
05177000;La Garonne à Cazères;500;4;Poissons;2020-10-06;1303;Conductivité à 25°C;210.0;147;µS/cm;1;Résultat > seuil de quantification et < au seuil de saturation;0;Méthode inconnue;Aspe84738eta3_SurfEchMc1250.0_SBVDKmc4440.0_DSrcKm141.56_LarMEauM77.8_PntCEPM1.9_ProfMStaM1.67_AltM234_TAir1C5.6_TAir7C21.6;1;Donnée brute;0;Qualification non definissable;2020-10-06;13002591901898;OFFICE FRANCAIS DE LA BIODIVERSITE - OFB DIRECTION REGIONALE OCCITANIE (OFB)
05177000;La Garonne à Cazères;500;4;Poissons;2022-10-10;1301;Température de l'Eau;19.6;27;°C;1;Résultat > seuil de quantification et < au seuil de saturation;0;Méthode inconnue;Aspe88726eta2_SurfEchMc1250.0_SBVDKmc4440.0_DSrcKm141.56_LarMEauM68.2_PntCEPM1.9_ProfMStaM1.31_AltM234_TAir1C5.6_TAir7C21.6;1;Donnée brute;1;Correcte;2022-10-10;13002591901898;OFFICE FRANCAIS DE LA BIODIVERSITE - OFB DIRECTION REGIONALE OCCITANIE (OFB)
05177000;La Garonne à Cazères;500;4;Poissons;2022-10-10;1303;Conductivité à 25°C;290.0;147;µS/cm;1;Résultat > seuil de quantification et < au seuil de saturation;0;Méthode inconnue;Aspe88726eta2_SurfEchMc1250.0_SBVDKmc4440.0_DSrcKm141.56_LarMEauM68.2_PntCEPM1.9_ProfMStaM1.31_AltM234_TAir1C5.6_TAir7C21.6;1;Donnée brute;0;Qualification non definissable;2022-10-10;13002591901898;OFFICE FRANCAIS DE LA BIODIVERSITE - OFB DIRECTION REGIONALE OCCITANIE (OFB)
05181000;La Garonne à Labarthe Inard;500;4;Poissons;2016-09-01;1301;Température de l'Eau;18.6;27;°C;1;Résultat > seuil de quantification et < au seuil de saturation;0;Méthode inconnue;Aspe25326eta2_SurfEchMc1250.0_SBVDKmc2570.27_DSrcKm114.25_LarMEauM52.1_PntCEPM2.5_ProfMStaM0.89_AltM315_TAir1C5.0_TAir7C21.0;1;Donnée brute;1;Correcte;2016-09-01;13002591901898;OFFICE FRANCAIS DE LA BIODIVERSITE - OFB DIRECTION REGIONALE OCCITANIE (OFB)
05181000;La Garonne à Labarthe Inard;500;4;Poissons;2016-09-01;1303;Conductivité à 25°C;306.0;147;µS/cm;1;Résultat > seuil de quantification et < au seuil de saturation;0;Méthode inconnue;Aspe25326eta2_SurfEchMc1250.0_SBVDKmc2570.27_DSrcKm114.25_LarMEauM52.1_PntCEPM2.5_ProfMStaM0.89_AltM315_TAir1C5.0_TAir7C21.0;1;Donnée brute;0;Qualification non definissable;2016-09-01;13002591901898;OFFICE FRANCAIS DE LA BIODIVERSITE - OFB DIRECTION REGIONALE OCCITANIE (OFB)
05181000;La Garonne à Labarthe Inard;500;4;Poissons;2018-10-02;1301;Température de l'Eau;13.9;27;°C;1;Résultat > seuil de quantification et < au seuil de saturation;0;Méthode inconnue;Aspe38751eta2_SurfEchMc1250.00_SBVDKmc2570.27_DSrcKm114.25_LarMEauM53.90_PntCEPM2.50_ProfMStaM0.86_AltM315_TAir1C5.0_TAir7C21.0;1;Donnée brute;1;Correcte;2018-10-02;13002591901898;OFFICE FRANCAIS DE LA BIODIVERSITE - OFB DIRECTION REGIONALE OCCITANIE (OFB)
05181000;La Garonne à Labarthe Inard;500;4;Poissons;2018-10-02;1303;Conductivité à 25°C;344.0;147;µS/cm;1;Résultat > seuil de quantification et < au seuil de saturation;0;Méthode inconnue;Aspe38751eta2_SurfEchMc1250.00_SBVDKmc2570.27_DSrcKm114.25_LarMEauM53.90_PntCEPM2.50_ProfMStaM0.86_AltM315_TAir1C5.0_TAir7C21.0;1;Donnée brute;0;Qualification non definissable;2018-10-02;13002591901898;OFFICE FRANCAIS DE LA BIODIVERSITE - OFB DIRECTION REGIONALE OCCITANIE (OFB)
05181000;La Garonne à Labarthe Inard;500;4;Poissons;2020-10-07;1301;Température de l'Eau;13.2;27;°C;1;Résultat > seuil de quantification et < au seuil de saturation;0;Méthode inconnue;Aspe84776eta3_SurfEchMc1250.0_SBVDKmc2570.27_DSrcKm114.25_LarMEauM58.3_PntCEPM2.5_ProfMStaM1.2_AltM315_TAir1C5.0_TAir7C21.0;1;Donnée brute;1;Correcte;2020-10-07;13002591901898;OFFICE FRANCAIS DE LA BIODIVERSITE - OFB DIRECTION REGIONALE OCCITANIE (OFB)
05181000;La Garonne à Labarthe Inard;500;4;Poissons;2020-10-07;1303;Conductivité à 25°C;328.0;147;µS/cm;1;Résultat > seuil de quantification et < au seuil de saturation;0;Méthode inconnue;Aspe84776eta3_SurfEchMc1250.0_SBVDKmc2570.27_DSrcKm114.25_LarMEauM58.3_PntCEPM2.5_ProfMStaM1.2_AltM315_TAir1C5.0_TAir7C21.0;1;Donnée brute;0;Qualification non definissable;2020-10-07;13002591901898;OFFICE FRANCAIS DE LA BIODIVERSITE - OFB DIRECTION REGIONALE OCCITANIE (OFB)
05181000;La Garonne à Labarthe Inard;500;4;Poissons;2022-10-12;1301;Température de l'Eau;16.2;27;°C;1;Résultat > seuil de quantification et < au seuil de saturation;0;Méthode inconnue;Aspe88725eta2_SurfEchMc1250.0_SBVDKmc2570.27_DSrcKm114.25_LarMEauM54.7_PntCEPM2.5_ProfMStaM0.81_AltM315_TAir1C5.0_TAir7C21.0;1;Donnée brute;1;Correcte;2022-10-12;13002591901898;OFFICE FRANCAIS DE LA BIODIVERSITE - OFB DIRECTION REGIONALE OCCITANIE (OFB)
05181000;La Garonne à Labarthe Inard;500;4;Poissons;2022-10-12;1303;Conductivité à 25°C;320.0;147;µS/cm;1;Résultat > seuil de quantification et < au seuil de saturation;0;Méthode inconnue;Aspe88725eta2_SurfEchMc1250.0_SBVDKmc2570.27_DSrcKm114.25_LarMEauM54.7_PntCEPM2.5_ProfMStaM0.81_AltM315_TAir1C5.0_TAir7C21.0;1;Donnée brute;0;Qualification non definissable;2022-10-12;13002591901898;OFFICE FRANCAIS DE LA BIODIVERSITE - OFB DIRECTION REGIONALE OCCITANIE (OFB)
05181800;La Garonne à Valentine;500;4;Poissons;2015-08-21;1301;Température de l'Eau;17.8;27;°C;1;Résultat > seuil de quantification et < au seuil de saturation;0;Méthode inconnue;Aspe25388eta2_SurfEchMc937.5_SBVDKmc2150.0_DSrcKm90.45_LarMEauM36.1_PntCEPM4.8_ProfMStaM0.65_AltM386_TAir1C4.7_TAir7C20.6;1;Donnée brute;1;Correcte;2015-08-21;13002591901898;OFFICE FRANCAIS DE LA BIODIVERSITE - OFB DIRECTION REGIONALE OCCITANIE (OFB)
05181800;La Garonne à Valentine;500;4;Poissons;2015-08-21;1303;Conductivité à 25°C;192.0;147;µS/cm;1;Résultat > seuil de quantification et < au seuil de saturation;0;Méthode inconnue;Aspe25388eta2_SurfEchMc937.5_SBVDKmc2150.0_DSrcKm90.45_LarMEauM36.1_PntCEPM4.8_ProfMStaM0.65_AltM386_TAir1C4.7_TAir7C20.6;1;Donnée brute;0;Qualification non definissable;2015-08-21;13002591901898;OFFICE FRANCAIS DE LA BIODIVERSITE - OFB DIRECTION REGIONALE OCCITANIE (OFB)
05181800;La Garonne à Valentine;500;4;Poissons;2017-08-04;1301;Température de l'Eau;19.7;27;°C;1;Résultat > seuil de quantification et < au seuil de saturation;0;Méthode inconnue;Aspe25387eta2_SurfEchMc937.5_SBVDKmc2150.0_DSrcKm90.45_LarMEauM38.3_PntCEPM4.8_ProfMStaM0.79_AltM386_TAir1C4.7_TAir7C20.6;1;Donnée brute;1;Correcte;2017-08-04;13002591901898;OFFICE FRANCAIS DE LA BIODIVERSITE - OFB DIRECTION REGIONALE OCCITANIE (OFB)
05181800;La Garonne à Valentine;500;4;Poissons;2017-08-04;1303;Conductivité à 25°C;205.0;147;µS/cm;1;Résultat > seuil de quantification et < au seuil de saturation;0;Méthode inconnue;Aspe25387eta2_SurfEchMc937.5_SBVDKmc2150.0_DSrcKm90.45_LarMEauM38.3_PntCEPM4.8_ProfMStaM0.79_AltM386_TAir1C4.7_TAir7C20.6;1;Donnée brute;0;Qualification non definissable;2017-08-04;13002591901898;OFFICE FRANCAIS DE LA BIODIVERSITE - OFB DIRECTION REGIONALE OCCITANIE (OFB)
05181800;La Garonne à Valentine;500;4;Poissons;2021-09-06;1301;Température de l'Eau;18.9;27;°C;1;Résultat > seuil de quantification et < au seuil de saturation;0;Méthode inconnue;Aspe86088eta2_SurfEchMc937.5_SBVDKmc2150.0_DSrcKm90.45_LarMEauM30.8_PntCEPM4.8_ProfMStaM0.61_AltM386_TAir1C4.7_TAir7C20.6;1;Donnée brute;1;Correcte;2021-09-06;13002591901898;OFFICE FRANCAIS DE LA BIODIVERSITE - OFB DIRECTION REGIONALE OCCITANIE (OFB)
05181800;La Garonne à Valentine;500;4;Poissons;2021-09-06;1303;Conductivité à 25°C;201.0;147;µS/cm;1;Résultat > seuil de quantification et < au seuil de saturation;0;Méthode inconnue;Aspe86088eta2_SurfEchMc937.5_SBVDKmc2150.0_DSrcKm90.45_LarMEauM30.8_PntCEPM4.8_ProfMStaM0.61_AltM386_TAir1C4.7_TAir7C20.6;1;Donnée brute;0;Qualification non definissable;2021-09-06;13002591901898;OFFICE FRANCAIS DE LA BIODIVERSITE - OFB DIRECTION REGIONALE OCCITANIE (OFB)
05181800;La Garonne à Valentine;500;4;Poissons;2023-09-04;1301;Température de l'Eau;15.9;27;°C;1;Résultat > seuil de quantification et < au seuil de saturation;0;Méthode inconnue;Aspe90962eta2_SurfEchMc937.5_SBVDKmc2150.0_DSrcKm90.45_LarMEauM30.7_PntCEPM4.8_ProfMStaM0.61_AltM386_TAir1C4.7_TAir7C20.6;1;Donnée brute;1;Correcte;2023-09-04;13002591901898;OFFICE FRANCAIS DE LA BIODIVERSITE - OFB DIRECTION REGIONALE OCCITANIE (OFB)
05181800;La Garonne à Valentine;500;4;Poissons;2023-09-04;1303;Conductivité à 25°C;186.0;147;µS/cm;1;Résultat > seuil de quantification et < au seuil de saturation;0;Méthode inconnue;Aspe90962eta2_SurfEchMc937.5_SBVDKmc2150.0_DSrcKm90.45_LarMEauM30.7_PntCEPM4.8_ProfMStaM0.61_AltM386_TAir1C4.7_TAir7C20.6;1;Donnée brute;0;Qualification non definissable;2023-09-04;13002591901898;OFFICE FRANCAIS DE LA BIODIVERSITE - OFB DIRECTION REGIONALE OCCITANIE (OFB)
05181800;La Garonne à Valentine;;4;Poissons;2019-09-09;1301;Température de l'Eau;15.3;27;°C;1;Résultat > seuil de quantification et < au seuil de saturation;0;Méthode inconnue;Aspe82692eta3_SurfEchMc937.50_SBVDKmc2150.00_DSrcKm90.45_LarMEauM34.00_PntCEPM4.80_ProfMStaM0.85_AltM386_TAir1C4.7_TAir7C20.6;1;Donnée brute;1;Correcte;2019-09-09;13002591901898;OFFICE FRANCAIS DE LA BIODIVERSITE - OFB DIRECTION REGIONALE OCCITANIE (OFB)
05181800;La Garonne à Valentine;;4;Poissons;2019-09-09;1303;Conductivité à 25°C;203.0;147;µS/cm;1;Résultat > seuil de quantification et < au seuil de saturation;0;Méthode inconnue;Aspe82692eta3_SurfEchMc937.50_SBVDKmc2150.00_DSrcKm90.45_LarMEauM34.00_PntCEPM4.80_ProfMStaM0.85_AltM386_TAir1C4.7_TAir7C20.6;1;Donnée brute;0;Qualification non definissable;2019-09-09;13002591901898;OFFICE FRANCAIS DE LA BIODIVERSITE - OFB DIRECTION REGIONALE OCCITANIE (OFB)
05184000;La Garonne au Pont du Roi;500;4;Poissons;2015-08-28;1301;Température de l'Eau;14.6;27;°C;1;Résultat > seuil de quantification et < au seuil de saturation;0;Méthode inconnue;Aspe25334eta2_SurfEchMc937.5_SBVDKmc556.0_DSrcKm44.55_LarMEauM26.2_PntCEPM11.0_ProfMStaM0.3_AltM562_TAir1C3.0_TAir7C19.7;1;Donnée brute;1;Correcte;2015-08-28;13002591901898;OFFICE FRANCAIS DE LA BIODIVERSITE - OFB DIRECTION REGIONALE OCCITANIE (OFB)
05184000;La Garonne au Pont du Roi;500;4;Poissons;2015-08-28;1303;Conductivité à 25°C;171.0;147;µS/cm;1;Résultat > seuil de quantification et < au seuil de saturation;0;Méthode inconnue;Aspe25334eta2_SurfEchMc937.5_SBVDKmc556.0_DSrcKm44.55_LarMEauM26.2_PntCEPM11.0_ProfMStaM0.3_AltM562_TAir1C3.0_TAir7C19.7;1;Donnée brute;0;Qualification non definissable;2015-08-28;13002591901898;OFFICE FRANCAIS DE LA BIODIVERSITE - OFB DIRECTION REGIONALE OCCITANIE (OFB)
05184000;La Garonne au Pont du Roi;500;4;Poissons;2016-08-23;1301;Température de l'Eau;14.4;27;°C;1;Résultat > seuil de quantification et < au seuil de saturation;0;Méthode inconnue;Aspe25333eta2_SurfEchMc937.5_SBVDKmc556.0_DSrcKm44.55_LarMEauM24.5_PntCEPM11.0_ProfMStaM0.26_AltM562_TAir1C3.0_TAir7C19.7;1;Donnée brute;1;Correcte;2016-08-23;13002591901898;OFFICE FRANCAIS DE LA BIODIVERSITE - OFB DIRECTION REGIONALE OCCITANIE (OFB)
05184000;La Garonne au Pont du Roi;500;4;Poissons;2016-08-23;1303;Conductivité à 25°C;154.0;147;µS/cm;1;Résultat > seuil de quantification et < au seuil de saturation;0;Méthode inconnue;Aspe25333eta2_SurfEchMc937.5_SBVDKmc556.0_DSrcKm44.55_LarMEauM24.5_PntCEPM11.0_ProfMStaM0.26_AltM562_TAir1C3.0_TAir7C19.7;1;Donnée brute;0;Qualification non definissable;2016-08-23;13002591901898;OFFICE FRANCAIS DE LA BIODIVERSITE - OFB DIRECTION REGIONALE OCCITANIE (OFB)
05184000;La Garonne au Pont du Roi;500;4;Poissons;2017-08-11;1301;Température de l'Eau;11.9;27;°C;1;Résultat > seuil de quantification et < au seuil de saturation;0;Méthode inconnue;Aspe25332eta2_SurfEchMc937.5_SBVDKmc556.0_DSrcKm44.55_LarMEauM33.4_PntCEPM11.0_ProfMStaM0.26_AltM562_TAir1C3.0_TAir7C19.7;1;Donnée brute;1;Correcte;2017-08-11;13002591901898;OFFICE FRANCAIS DE LA BIODIVERSITE - OFB DIRECTION REGIONALE OCCITANIE (OFB)
05184000;La Garonne au Pont du Roi;500;4;Poissons;2017-08-11;1303;Conductivité à 25°C;160.0;147;µS/cm;1;Résultat > seuil de quantification et < au seuil de saturation;0;Méthode inconnue;Aspe25332eta2_SurfEchMc937.5_SBVDKmc556.0_DSrcKm44.55_LarMEauM33.4_PntCEPM11.0_ProfMStaM0.26_AltM562_TAir1C3.0_TAir7C19.7;1;Donnée brute;0;Qualification non definissable;2017-08-11;13002591901898;OFFICE FRANCAIS DE LA BIODIVERSITE - OFB DIRECTION REGIONALE OCCITANIE (OFB)
